NEIGHBORHOOD,decile,n,gini_model,ci_model
1010,1,7,0.1387731227608393,0.15349878242530615
1010,2,19,0.03678830803873047,0.004323800814289738
1010,3,3,0.04615513372939534,0.046400713779636185
1010,4,6,0.01837270341207342,-0.04524517356815783
1010,5,8,0.023192696767826263,0.046806517451044326
1010,6,3,0.012527964205816474,0.019020871374750673
1010,7,10,0.03849014987176886,0.021745178361630403
1010,8,3,0.0012836970474968553,-0.0034335677806490842
1010,9,2,0.033877038895859496,0.012798908691913533
1030,1,14,0.09559774418602132,0.09331775812424964
1030,2,26,0.033916399436720104,0.008460727821186603
1030,3,44,0.029952079785609015,0.010186055332636881
1030,4,32,0.025072454987956592,0.030361965071506167
1030,5,42,0.02592374123479263,0.011139310247849431
1030,6,42,0.032991095785851,0.015944638428663976
1030,7,39,0.04835063305626117,0.052526986517297126
1030,8,47,0.04973999330119275,0.06209121898207974
1030,9,29,0.06616422648381806,0.0739992594346483
1030,10,24,0.13677006302085315,0.13983787272683418
1040,10,1,NA,NA
1050,1,1,NA,NA
1050,2,1,NA,NA
1050,3,3,0.030120481927710642,0.016861966356064167
1050,4,3,0.03526970954356834,0.0015891899462011144
1050,5,5,0.024154589371980638,0.02800576278916822
1050,6,13,0.032088584682804684,0.0244885120676943
1050,7,2,0.02249488752556242,-0.022652222207449467
1050,8,3,0.0467625899280575,0.03985224925615724
1050,9,6,0.05624804259317247,0.06469619895290508
1050,10,5,0.1209573091849935,0.10437319005449922
1060,1,12,0.08195876288659792,0.05521550608898573
1060,2,16,0.038654661521604516,0.04251630937817164
1060,3,8,0.034077873000877355,0.03322820169103782
1060,4,15,0.02499288079164082,0.013318460829207358
1060,5,12,0.029693049164806785,0.021658279734285094
1060,6,9,0.023714766563112194,0.029315426102369802
1060,7,8,0.05737193024873591,0.027853791248938577
1070,1,6,0.10424481737413624,0.16024023383159744
1070,2,7,0.032357473035439274,0.03561141496490179
1070,3,4,0.040912139503688806,-0.016209628107936577
1070,4,7,0.02445672191528536,0.022456991325968047
1070,5,7,0.03298810893747607,0.0033230485804181067
1070,6,14,0.01903627847900293,0.036965731699858506
1070,7,5,0.05220332784786982,0.029673946658743434
1070,8,2,0.01818181818181832,0.0185071349677457
1070,9,1,NA,NA
1070,10,1,NA,NA
1080,1,1,NA,NA
1080,2,2,0.005524861878453162,-0.04604672058069752
1080,3,5,0.03260869565217395,0.013200689261884621
1080,4,2,0.01883830455259021,-0.06606101360625263
1080,5,2,0.03606557377049188,0.17088333849645537
1080,6,5,0.042730299667036634,0.09297513241136628
1080,7,5,0.03447659190202644,0.01474732668688911
1080,8,7,0.05644408903105438,-0.012511440966849382
1080,9,5,0.071065330932772,0.010143295055075318
1080,10,6,0.09616431576342477,0.13609476014823774
1090,1,1,NA,NA
1090,2,5,0.04408352668213468,0.010963762462589675
1090,3,1,NA,NA
1090,4,1,NA,NA
1090,6,1,NA,NA
1090,7,2,NA,NA
1090,8,4,0.04407988156741894,0.16644688920781303
1090,10,3,0.03498190591073597,0.11848310302380047
1100,1,1,NA,NA
1100,2,11,0.028311738541868144,0.042417231150105435
1100,3,11,0.029452582883577452,-0.0053836963173897155
1100,4,18,0.028027625232688407,0.028470194597463503
1100,5,30,0.023788456428134642,0.013104381348394213
1100,6,44,0.03166990465973544,0.01334248263874297
1100,7,16,0.0522225754230104,0.0634451990226767
1100,8,24,0.05874251272652616,0.06670733570861578
1100,9,29,0.07223568476421735,0.04666242669935831
1100,10,14,0.17820789770171086,0.16767001295952166
1110,1,19,0.056145037223912335,0.06098677251869887
1110,2,43,0.045282563253962495,0.026513999281417313
1110,3,79,0.025271713129744865,0.033632359797879756
1110,4,72,0.027276746744759373,0.023400678221839277
1110,5,76,0.027325594658897175,0.016612227307127754
1110,6,73,0.030360884429472698,0.025608183402438225
1110,7,49,0.05000600939218132,0.051026470171758244
1110,8,39,0.05168400724336536,0.029275551222216357
1110,9,34,0.06418929581938378,0.020409618670049184
1110,10,15,0.14039380888552797,0.10438721741439115
1120,1,11,0.024381412190706067,-0.03999120580649205
1120,2,29,0.03504590068354942,0.031166522988622512
1120,3,33,0.03292241405612929,0.04554822609993646
1120,4,35,0.02636907860489329,0.01910858446583437
1120,5,48,0.025554924022911152,0.03724215524872752
1120,6,58,0.03195013649716083,0.004226824973901179
1120,7,52,0.04319389158628782,0.023836110469774973
1120,8,68,0.052739690741822234,0.03333866343495246
1120,9,95,0.06573376682539232,0.04506943660725853
1120,10,80,0.1671554428094549,0.154968614286831
1121,1,7,0.07152244138405082,-0.12130022584766807
1121,2,32,0.03901533053897629,0.03112817704780824
1121,3,38,0.03180180829103973,0.03066799732586749
1121,4,44,0.022859291989110582,0.038814463605785915
1121,5,48,0.027800218050253775,0.04585412579499339
1121,6,51,0.029819012684958533,0.02369675928362207
1121,7,62,0.049938751607661154,0.042482546867234676
1121,8,47,0.04714867812868611,0.029258432688036143
1121,9,41,0.05671436830852856,0.06570315844442373
1121,10,31,0.18497376456372905,0.172471525023895
1130,1,5,0.15210355987055013,0.06533124101586031
1130,2,3,0.011876484560570041,-7.359808400080195e-18
1130,3,2,0.07834101382488465,0.14917854716462872
1130,4,1,NA,NA
1130,5,2,0.041800643086816754,0.02690814230847027
1130,6,2,0.06442577030812321,0.03581914461682683
1130,7,1,NA,NA
1130,8,1,NA,NA
1130,9,1,NA,NA
1131,2,1,NA,NA
1132,2,1,NA,NA
1132,3,1,NA,NA
1132,4,4,0.016232540581351457,0.011778337195948872
1132,5,2,NA,NA
1132,7,2,NA,NA
1133,1,1,NA,NA
1133,5,1,NA,NA
1140,1,46,0.1011956752337924,0.10787047956724662
1140,2,36,0.035530885654495706,0.017447713313520505
1140,3,20,0.021851819774987822,0.0010008506634869754
1140,4,10,0.03318083819740234,-0.014960725737520579
1140,5,1,NA,NA
1140,6,7,0.028441584967320268,0.028642503224178467
1140,7,4,0.02329098608590445,-0.15089425684752478
1140,8,1,NA,NA
1150,1,8,0.048978171150116816,-0.001193423296969992
1150,2,8,0.026374775851763302,0.01162273356421563
1150,3,2,0.005075131853915838,-0.06666918295962235
1150,4,2,0.06976744186046507,0.04104813403189699
1150,5,6,0.026260387811634433,0.05550502779703475
1160,1,9,0.03988061464802311,0.04346217423515299
1160,2,18,0.03782246025788503,0.016782639644153687
1160,3,24,0.03010649631223451,0.02289936679259508
1160,4,15,0.01652625359084611,0.027261459633542488
1160,5,14,0.02486109873131891,0.04827450309591017
1160,6,14,0.029647603284536635,0.06040553707640925
1160,7,5,0.03097137494134213,0.05090878636621317
1160,8,3,0.034936381281000524,-0.0789495847572863
1160,9,4,0.05072463768115945,-0.07485075959769903
1170,10,3,0.12340425531914909,0.11101384600897682
1180,1,1,NA,NA
1180,2,8,0.025715066141179195,-0.05997250009430186
1180,3,19,0.02741845850953589,0.037671862287554835
1180,4,44,0.024983852172045722,0.031155534613833417
1180,5,32,0.026486503138988614,0.029024495473131687
1180,6,45,0.028584065845936868,0.019630770542023356
1180,7,22,0.03908893952963216,0.021955910414329264
1180,8,8,0.04130155325594819,-0.03248883381474004
1180,9,4,0.09746008107884498,0.07365943535391539
1180,10,1,NA,NA
1190,1,3,0.0624999999999999,0.11581923396388126
1190,2,3,0.03696029011899513,0.10167996134943999
1190,3,6,0.03442514459496491,0.014768791978472195
1190,4,5,0.022690437601296604,0.02747683096942506
1190,5,5,0.031614351700808764,0.018595654867378863
1190,6,1,NA,NA
1190,7,3,0.00929614873837982,0.10928492668092085
1190,8,8,0.03530013706297988,0.007572732686197197
1190,9,2,0.048275862068965565,0.06135524758345347
1190,10,3,0.0872265730488794,0.10765640769516821
1200,1,10,0.06721475208214675,0.06873314378052228
1200,2,19,0.03729882409659163,0.007622976502668111
1200,3,4,0.010150223304912621,0.023893350369097423
1200,4,3,0.010127931769722834,-0.037781712974046804
1200,5,4,0.02247789496111648,0.027292432463317508
1200,6,6,0.01470588235294117,-0.05735027063659555
1200,7,14,0.04068938623912453,0.026490526142245754
1200,8,3,0.008940411175414454,0.005086341970823924
1200,9,2,0.18343195266272205,0.05949997634451582
1200,10,5,0.14923142613151158,0.14793947408233615
1201,1,264,0.08131722818539602,0.06321472740301796
1201,2,130,0.03580471042326272,0.02044540309124563
1201,3,122,0.029348889337149815,0.011783904059131888
1201,4,128,0.024817808942606306,0.0087296558956953315
1201,5,107,0.02634166902166,0.015227398761535595
1201,6,84,0.03185768496225498,0.038564591743498314
1201,7,100,0.048444606495597176,0.03333363217239509
1201,8,101,0.049513434539236324,0.049181699859911485
1201,9,57,0.06767609712340418,0.06888610390741136
1201,10,18,0.19718746211559962,0.2501332932312651
1202,1,12,0.04255449050613589,0.012691881406077268
1202,2,23,0.03431319376649672,0.05907197462593465
1202,3,23,0.024726715340244478,0.02619497760448153
1202,4,21,0.021463638014998662,0.03374240923745507
1202,5,25,0.025491938223534637,0.01822745415399459
1202,6,22,0.03277601483567861,0.020078150743639295
1202,7,19,0.048423740700999245,0.010381629156676269
1202,8,12,0.05754352030947772,-0.004657317468171903
1202,9,14,0.046874849120243714,0.03862961447781142
1202,10,14,0.16681851306559822,0.18288602867368092
1210,1,12,0.07466514676546027,0.07418835153928537
1210,2,14,0.037987904107259954,0.041531298159676266
1210,3,5,0.03733889310083396,0.01331636630017989
1210,4,26,0.02510206319997073,0.01629188454790269
1210,5,9,0.022314171715679013,0.01784482536112311
1210,6,3,0.026365348399246723,0.15161852545041318
1210,7,2,0.038961038961039036,-0.01381686338981094
1210,8,1,NA,NA
1220,1,73,0.03500638194598551,0.02400954315170609
1220,2,121,0.03742884878782544,0.03570700669574034
1220,3,91,0.029434849097258152,0.028548167459907212
1220,4,60,0.026208208894608797,0.0264834065990685
1220,5,50,0.025953971838008738,0.03315569454271692
1220,6,38,0.02775163810799975,0.009747997184048021
1220,7,44,0.05077516532823137,0.05913468127314634
1220,8,24,0.05561326385167724,-0.014745416100972351
1220,9,3,0.019047619047618897,-0.13108489594604558
1220,10,4,0.11877394636015322,0.23100761259936245
1230,1,2,0.1983122362869198,-0.13551927003408992
1230,2,9,0.0459058592792351,0.0630563332625526
1230,3,7,0.028633879781420662,0.027893991273518364
1230,4,10,0.021962233169129784,0.053855047214267024
1230,5,7,0.0285641902590411,0.04652481080757303
1230,6,8,0.029100385822292938,0.01922777776687686
1230,7,15,0.04066481475348517,0.003425287820861451
1230,8,10,0.03852313665238062,0.12459481060339021
1230,9,14,0.05265677126918834,0.02681173808139538
1230,10,34,0.20249342612704993,0.19474724331897905
1240,6,1,NA,NA
1240,8,1,NA,NA
1240,9,1,NA,NA
1250,8,3,0.04641350210970452,-0.01852621043592505
1250,9,8,0.07745068784029815,0.02015352120655956
1250,10,19,0.16343663508430445,0.1475533096654841
1270,1,121,0.07563257049616731,0.0562244030863015
1270,2,152,0.03713539955602171,0.03558816114148649
1270,3,144,0.027460923259905914,0.021044629685252777
1270,4,114,0.025451680195184432,0.014590721725699585
1270,5,118,0.026719367070353998,0.01578121197594692
1270,6,126,0.030390875628498543,0.021236654375008327
1270,7,141,0.04716880462966852,0.047125620932271704
1270,8,164,0.05259024290446657,0.04281762408123602
1270,9,191,0.06703690530215849,0.04893659057718577
1270,10,248,0.3016610447596311,0.31707985498586555
1271,1,172,0.07369502762489953,0.06399608803014664
1271,2,95,0.0380866343485922,0.031087573799870847
1271,3,126,0.03165142849888619,0.026979004944289342
1271,4,129,0.025706798230641155,0.015077476743677919
1271,5,106,0.027839175068865216,0.024284968792816802
1271,6,118,0.03050686576962075,0.021957242790778233
1271,7,136,0.0474582462857621,0.028379381701939026
1271,8,138,0.05341010570332525,0.03976525587231739
1271,9,197,0.06456021441019827,0.05958401000555985
1271,10,222,0.2594729499134553,0.273044713337454
1272,2,4,0.035748792270531335,0.04066755189031805
1272,3,8,0.03458646616541351,0.0020725281725818613
1272,4,4,0.0045307443365695445,0.0011456758113710854
1272,5,6,0.027646951405274817,-0.01165560017730375
1272,6,7,0.029106029106029056,0.045132850443012594
1272,7,5,0.05856020464096475,0.07141149289033324
1272,8,5,0.06434962147281487,0.1111788973574429
1272,9,7,0.08659508139937655,0.10004710200556939
1272,10,15,0.2807783518702645,0.22503386645829074
1280,1,50,0.07029421076225786,0.02475066460832384
1280,2,57,0.03339478457613642,0.05120599583041916
1280,3,52,0.025891111327855522,0.006988268318750572
1280,4,57,0.027059621070853863,0.016657347489769356
1280,5,89,0.023441125803242244,0.02496799161554053
1280,6,74,0.031808548154891,0.036052185068333846
1280,7,88,0.047190792997251416,0.026857597026553603
1280,8,93,0.05269751623576944,0.04686426449132675
1280,9,102,0.06519440562892306,0.07615338193166914
1280,10,98,0.21295420281872632,0.19064537663701722
1281,1,29,0.07002675044291808,0.02651232113676065
1281,2,40,0.04195762450745528,0.033245949453701976
1281,3,39,0.02846035604714898,0.032955028675558155
1281,4,45,0.02342714351207687,0.03216925648057314
1281,5,77,0.022064969783543324,0.003815283140009071
1281,6,72,0.030120067182652536,0.022935908392850278
1281,7,90,0.049273040004994016,0.02796541857581093
1281,8,109,0.049546986884978134,0.04299428558431968
1281,9,100,0.06948842843812474,0.06149890439678768
1281,10,113,0.25039720784150027,0.24298748344806537
1282,1,19,0.07517772640667479,0.07928128244490269
1282,2,18,0.03226123802764445,-0.005637381274718154
1282,3,25,0.032577360404835234,0.038266387366679526
1282,4,38,0.026985258160379947,0.01650810808378046
1282,5,38,0.02476360628318585,0.010989513023827979
1282,6,34,0.03205722483646736,0.0430821874059097
1282,7,43,0.04932800892271842,0.03909252929496979
1282,8,49,0.05123108946489931,0.053782813789646874
1282,9,45,0.07049796180612186,0.07120635975010699
1282,10,17,0.04458942602903679,0.08020868658652602
1290,1,7,0.10002187151063066,0.05910179301826179
1290,2,9,0.03895202020202023,-0.006635525982947955
1290,3,3,0.05624999999999989,0.04832637387202818
1290,4,6,0.023567220139260738,-0.014477633027230145
1290,5,5,0.026593457899501266,0.060661287962119906
1290,6,1,NA,NA
1290,7,1,NA,NA
1290,8,5,0.06348637015781922,0.13367953696277565
1291,1,71,0.0669017814828128,0.0640288783252052
1291,2,34,0.03354813926327991,0.04612455397739395
1291,3,42,0.025773588721618782,0.01517715273456766
1291,4,37,0.02447971904830695,0.015323088955254782
1291,5,12,0.03218933377906916,0.019878693567043824
1291,6,18,0.03626234536534887,0.017987895840160736
1291,7,9,0.05819805504763691,0.07043014728856538
1291,8,11,0.0411345567278364,-0.028690936128319498
2020,1,2,0.08514190317195343,-0.044205866823389416
2020,2,1,NA,NA
2020,3,4,0.013698630136986318,-0.011361614087368138
2020,4,1,NA,NA
2020,5,1,NA,NA
2020,7,2,0.025806451612903344,-0.004278623598134613
2030,1,26,0.08198456393434243,0.0520430160227109
2030,2,14,0.032413683821328594,0.02380592032855873
2030,3,21,0.026364536002927874,0.019625577022268293
2030,4,15,0.022107786557755478,0.024078314685252452
2030,5,14,0.017447199265381096,0.015495020937471937
2030,6,2,0.011450381679389244,-0.10258184813773773
2030,7,4,0.03159041394335517,0.040830278707239466
2030,9,1,NA,NA
2060,1,4,0.13400522583053376,0.1047655711234481
2060,2,3,0.024553571428571383,0.04124266210077052
2060,3,5,0.028138528138528133,0.03742984517878703
2060,4,7,0.02271782950959587,0.04144683956900836
2060,5,1,NA,NA
2060,6,2,0.01102941176470597,0.007722067961995715
2080,7,1,NA,NA
2080,9,1,NA,NA
2100,4,1,NA,NA
2100,5,2,0.010526315789473868,-0.0512717115569033
2100,6,3,0.014319809069212376,-0.003101430368138182
2100,7,2,0.017024099049303593,0.004494595298431324
2140,1,1,NA,NA
2140,3,9,0.025564617314931,0.014449063157824212
2140,4,6,0.018140071407230635,-0.004571008341391968
2140,5,2,0.051546391752577504,0.006245653287002363
2140,6,2,0.02752293577981662,-0.052946670245220616
2140,7,1,NA,NA
2140,8,1,NA,NA
2140,9,4,0.011915120880647787,0.02810937997632747
2150,1,1,NA,NA
2150,2,1,NA,NA
2150,3,3,0.008620689655172526,-0.06464349335921285
2150,4,5,0.0148053730757918,-7.913576565140512e-4
2150,5,6,0.009122807017543881,-0.005553804071621295
2150,6,2,0.0357815442561204,0.02166715740933112
2150,7,1,NA,NA
2150,8,2,0.007407407407407341,-0.07466276986173838
2160,1,1,NA,NA
2180,1,5,0.10294117647058831,0.04954782112802071
2180,2,15,0.025723857382148857,-6.640557549599191e-4
2180,3,10,0.0236190476190476,0.01814797652191968
2180,5,3,NA,NA
2180,6,19,0.009411764705882415,0.0025690750722490957
2180,7,2,0.023622047244094512,0.09442090450250212
2180,8,1,NA,NA
2190,1,7,0.0538243626062324,0.0345555052084663
2190,2,7,0.016819571865443333,0.026094017679879726
2190,3,9,0.03323262839879155,0.020831875496004314
2190,4,22,0.026819022502571323,0.0359782041162817
2190,5,5,0.02881316001115259,0.03171057466818944
2190,6,9,0.025040387722132487,0.02729053692959908
2190,7,10,0.021855566339552074,0.027890874898965735
2190,8,6,0.027306967984934132,0.004161678897445887
2190,9,1,NA,NA
2190,10,1,NA,NA
2200,1,7,0.06926406926406933,0.051907053877324603
2200,2,1,NA,NA
2200,3,3,0.018518518518518386,0.08072907427701248
2200,4,3,0.03937007874015758,0.009083734741113552
2200,5,2,0.01702127659574462,0.012347654869543265
2200,6,20,0.015272853198182624,0.005967649700285281
2200,7,10,0.023192656564010657,0.031219523561481066
2200,8,11,0.03314432065831475,0.009313570512691232
2200,9,16,0.04785343761296329,0.028517112652595062
2200,10,4,0.04175824175824177,0.008851986023047884
2210,1,2,0.0566037735849058,0.10275190007661775
2210,2,1,NA,NA
2210,3,3,0.037037037037037035,0.05871757100574729
2210,4,6,0.03452665075576777,0.02929450546060311
2210,5,5,0.02531645569620253,0.02150242711433902
2210,7,1,NA,NA
2250,1,3,0.07246376811594193,0.07120396711082108
2250,3,3,0.018018018018018032,-0.008819661007408292
2250,4,2,0.036144578313253045,-0.02703969427666379
2280,1,5,0.1442687747035573,0.10651832743311976
2280,2,1,NA,NA
2290,1,18,0.06889364121166192,0.012024948550218455
2290,2,22,0.024707562069281916,0.007882638898392524
2290,3,6,0.027662406690530165,0.0169619876009043
2290,4,3,0.007275666936135805,0.007521154263144885
2290,5,11,0.02074578837781565,0.03582545384181287
2290,6,5,0.016560199573109766,0.04767395150104778
2290,7,2,0.03392568659127623,0.036359644343786725
2300,1,26,0.09742163839188747,0.06230950525014549
2300,2,53,0.02540539762901958,0.009402159017854354
2300,3,46,0.023669743912339444,0.03085729364984222
2300,4,59,0.021417288128071765,0.005177241018921216
2300,5,77,0.022716371136737506,0.02335411447042569
2300,6,69,0.0199445105339701,0.03291170357687472
2300,7,99,0.020998728854552857,0.020058653515331964
2300,8,116,0.025006461390543484,0.014868405931275896
2300,9,114,0.04834563908833925,0.05082973924394904
2300,10,133,0.11453555340786917,0.06731214351951197
2310,1,12,0.1291315352668852,0.09993270020607697
2310,2,8,0.030786108807717615,-0.003339747472414223
2310,3,7,0.022381266283705282,0.033669523918409126
2310,4,2,0.029126213592233077,-0.0026924524035815325
2310,5,2,0.01098901098901091,0.030898019602786205
2310,6,3,0.006024096385542119,0.014351742540211198
2310,7,2,0.024793388429751914,-0.03350060146696921
2340,2,1,NA,NA
2340,4,1,NA,NA
2340,5,2,NA,NA
2340,6,1,NA,NA
2340,7,2,0.032258064516128906,0.06149978299555265
2340,8,2,0.05027307099845958,0.16547565999135888
2340,9,2,0.03030303030303011,0.01264519457605957
2340,10,1,NA,NA
2360,1,3,0.050125313283208184,-0.00642198772693717
2360,2,1,NA,NA
2360,3,1,NA,NA
2360,4,1,NA,NA
2370,1,4,0.07092198581560281,0.029581349670660534
2370,3,2,0.027029802783250827,-0.012115190000644283
2380,1,12,0.07586206896551724,-0.0015174982617417265
2380,2,10,0.028547721516366052,0.06035897278478845
2380,3,7,0.025952960259529652,0.04297555050374147
2380,4,5,0.026642270829943658,-0.003727523128910511
2380,5,6,0.029960057973870097,0.03693585940912405
2380,6,2,0.03636363636363635,-0.08814902698485735
3010,1,4,0.05788423153692605,0.09595308588532088
3010,2,10,0.022776351709244975,-0.013251074222066183
3010,3,14,0.03422175417611579,0.013771474242101671
3010,4,7,0.036692506459948385,0.009102451253271792
3010,5,4,0.026985051446321073,0.054271833690411324
3010,6,1,NA,NA
3010,7,1,NA,NA
3020,1,46,0.05965495137611996,0.06804274888292436
3020,2,37,0.03303132280610926,0.03660444735621054
3020,3,72,0.02667067956376365,0.00949441600668814
3020,4,81,0.027149960765311787,0.011763959800143553
3020,5,63,0.027719750764664514,0.025364816478521682
3020,6,48,0.030850314276842032,0.02391984598452262
3020,7,29,0.02838158657354093,0.014107994690165269
3020,8,13,0.027179097993142134,0.07279903729082007
3020,9,3,0.03190893823474508,0.09295464884282939
3040,1,1,NA,NA
3040,2,4,0.035044824775876116,0.048527710470735314
3040,3,3,0.028511087645195228,0.007380658387953294
3040,4,4,0.023411371237458203,0.018023483821074427
3040,5,2,0.01098901098901091,0.030323478151312103
3040,6,1,NA,NA
3060,5,1,NA,NA
3060,6,1,NA,NA
3060,7,3,0.04469273743016753,0.024919340161242504
3060,8,6,0.043535911602209966,0.060456320674526144
3060,9,5,0.061462045720926596,0.037720748026823306
3060,10,8,0.08206737512778457,0.09062319534621262
3070,2,2,0.01785714285714257,0.047323093874807466
3070,4,2,0.032679738562091304,0.06769348024061074
3070,5,6,0.03245283018867925,0.008040278172768036
3070,6,5,0.04236618605569815,0.059123249897380395
3070,7,5,0.024509803921568565,0.023170990554779187
3070,8,6,0.028388425025734864,0.06057229174824645
3070,9,2,0.024390243902439067,0.03737142762346539
3080,1,17,0.06701476706536016,0.051762190099351846
3080,2,21,0.027612810621691904,0.03781137727064928
3080,3,20,0.02592449674453753,0.02067279827049358
3080,4,18,0.026613470159133047,0.028051941265403293
3080,5,20,0.026447588085405503,0.034138330930661785
3080,6,13,0.02983011660635305,0.02111980886837684
3080,7,16,0.03359525778880616,0.021227456076135468
3080,8,9,0.03663629460895976,0.07674289198169654
3090,1,1,NA,NA
3090,2,2,0.016776817488561233,-0.19372297570240207
3090,3,2,0.002653546019983341,-0.10303103428576516
3090,4,27,0.02558994191088298,0.008239586138069783
3090,5,17,0.026740969059533874,0.03294084107669631
3090,6,26,0.029476749242974422,0.0046803548173293096
3090,7,51,0.029271981021914844,0.035680665748539356
3090,8,35,0.0357376544597431,0.019428099580234413
3090,9,46,0.06939226248942086,0.06760323430931965
3090,10,78,0.16942532321424722,0.1677525852349228
3140,4,1,NA,NA
3140,7,3,0.052370452039691366,0.03838637751297131
3140,8,2,0.035830618892508076,0.11059681989783031
3140,9,10,0.054655870445344146,0.03885651782294952
3140,10,13,0.15139830178390595,0.14179680905903477
3150,1,1,NA,NA
3150,2,1,NA,NA
3150,3,1,NA,NA
3150,4,5,0.025956284153005438,0.05806892869151808
3150,5,11,0.03268799248551904,0.015716037685095323
3150,6,14,0.0294645952163363,0.03979374581792997
3150,7,29,0.028569880907240757,0.015481483060062081
3150,8,71,0.03430566154494607,-0.0012446731928448202
3150,9,60,0.06225550896130253,0.03868246755857482
3150,10,17,0.07991870333981937,0.07102457158202014
3160,3,1,NA,NA
3160,5,2,0.04124860646599792,-0.07261242826139444
3160,6,1,NA,NA
3160,7,1,NA,NA
3160,8,3,0.03590664272890489,0.0553530750708834
3160,9,4,0.09157509157509157,0.08134542559009782
3160,10,12,0.10994681631869561,0.1094030925793808
3170,2,1,NA,NA
3170,3,16,0.023566429075964825,0.02624410949523932
3170,4,17,0.030251375996056845,0.03490453086453304
3170,5,25,0.020576882161636445,0.020273323919065757
3170,6,24,0.022887872616450568,-7.977271928987406e-4
3170,7,6,0.016692426584235,-0.0028311657815579473
3180,1,3,0.09734513274336294,-0.02221460179720165
3180,2,1,NA,NA
3180,3,1,NA,NA
3180,4,3,0.012291483757682112,0.05665443754477846
3180,5,2,0.020856899963829337,0.09005011064095564
3180,6,2,0.06403940886699518,0.11394099007066585
3180,7,6,0.012696690179055852,0.006149687799837027
3180,8,7,0.023868785500031887,0.10060500307909591
3180,9,5,0.04959919839679359,0.02004413030199702
3190,3,1,NA,NA
3200,3,3,0.04320337197049539,0.0898067480068893
3200,4,3,0.015693112467306057,-0.03486162053438963
3200,5,7,0.024344248242756796,-0.010966483483223967
3200,6,6,0.03970759262335936,-0.002252671829968294
3200,7,10,0.03914841207002735,0.06980969068448013
3200,8,7,0.02660941413747117,0.01654357620608143
3200,9,7,0.04735457468576436,-0.04686475676483571
3201,2,5,0.027777777777777703,-0.010758197208504182
3201,3,11,0.032238102254309696,0.018056456998560663
3201,4,7,0.028819581523884728,0.00910732406304728
3201,5,4,0.023158694001518598,0.03916395526823486
3201,6,11,0.03206377325066425,0.009078846934948072
3201,7,14,0.017892406199509343,0.014665410025237417
3201,8,9,0.022388059701492557,0.013999432194337726
3201,9,14,0.04920717373504371,0.04450210404149657
3202,7,1,NA,NA
3202,10,4,0.07205095847605313,0.013735886454011602
3210,5,1,NA,NA
3230,1,6,0.05665859564164645,0.05115403580252853
3230,2,8,0.03518123667377399,0.04438169539318125
3230,3,7,0.022452504317789237,0.042109782027987895
3230,4,11,0.02902348578491963,0.039604257967880786
3230,5,20,0.025188666928303904,0.0056254854762696595
3230,6,48,0.02993449853920949,0.02735606796720202
3230,7,24,0.028243901880773824,0.020680692733700646
3230,8,28,0.030572737086587556,0.025641693267780548
3230,9,15,0.05131110778102398,0.07883568587371861
3230,10,1,NA,NA
3231,1,19,0.06217943443319889,0.05242069478489958
3231,2,28,0.03005988272468399,0.03014571124738022
3231,3,17,0.022519954389965704,0.03622141083935666
3231,4,7,0.03058766378258571,0.0014630551260208645
3231,5,8,0.032589444177440204,0.06085007803520038
3231,6,5,0.012435812888007625,-0.044309321320870655
3231,7,3,0.012987012987012866,0.051714811795850704
3231,8,2,0.05897945659377065,0.052555907451732116
3232,1,2,0.009049773755656125,0.2598229727389535
3232,2,4,0.035568146049732415,-0.033646002522089005
3232,3,1,NA,NA
3232,4,2,0.0038809831824064183,0.0800873014600213
3232,5,6,0.0300096805421104,-0.013568069272906753
3232,6,4,0.025020177562550528,0.006643059273514557
3232,7,3,0.013924410343847726,0.003041102266151744
3232,8,5,0.011337091696083252,0.0018751644573994004
3232,9,1,NA,NA
3232,10,4,0.047513549036684796,0.017366813100773704
3233,1,3,0.10101010101010095,0.16740896401101776
3233,2,6,0.036503856041131155,0.01573997670701335
3233,3,2,0.04999999999999992,-0.16744115369244691
3233,4,2,0.027777777777777724,-9.028957264538865e-4
3233,5,3,0.030303030303030207,0.029992166355914653
3233,6,4,0.03487429034874292,0.005571349070721155
3233,7,2,0.05882352941176485,0.0034572071645283696
3240,1,17,0.07724361711583745,0.06730878300353983
3240,2,15,0.032014420910319946,0.007383100427368141
3240,3,7,0.021248910090099233,-0.002968504516250788
3240,4,3,0.01916598250431721,-0.01998592975982595
3250,4,4,0.037889039242219216,0.004104585190086894
3250,5,7,0.02625142670797328,0.05108362824073591
3250,6,21,0.028163749088256706,0.01879229658719288
3250,7,22,0.030176247682306128,0.014428114090785185
3250,8,6,0.03753493713606101,0.09496124961671532
3250,9,21,0.04320389432936643,0.014559909330288771
3250,10,10,0.09662125206841951,0.10252788776133824
3270,8,2,0.006479481641468583,-1.5700924586837757e-16
3270,9,1,NA,NA
3280,2,8,0.02950810172228264,-0.004426416163589805
3280,3,15,0.018361322580189503,0.0036068537960066206
3280,4,11,0.02425742574257431,0.0341792269445785
3280,5,6,0.03261734287987265,0.01656794892329922
3280,6,3,0.022727272727272835,0.008068450808948786
3280,7,1,NA,NA
3290,1,1,NA,NA
3290,6,2,0.04363974001857007,-0.014161989035169435
3290,8,2,NA,NA
3290,9,4,0.06369581012351654,-0.0018450782942389667
3320,1,3,0.17365269461077842,0.0023770479413434587
3320,2,3,0.046798029556650245,0.07097899434015921
3320,3,9,0.02905920813657831,0.0026081200807105704
3320,4,7,0.02473834443387247,-0.013892477744859686
3320,5,12,0.030959657029790023,0.045080073632365256
3320,6,13,0.028191024647150772,0.011287086185482412
3320,7,8,0.03504809270421393,0.05506318322737605
3320,8,11,0.042340298507462626,0.03392147326642643
3320,9,7,0.035056638213346265,0.008146724865923171
3320,10,1,NA,NA
3330,1,33,0.07750321531245272,0.051489925666837875
3330,2,22,0.027794326534081117,0.016192863977494434
3330,3,15,0.029601002495075274,0.017763494163048295
3330,4,12,0.028857571409791682,0.02543119988543558
3330,5,10,0.013179127581115732,-0.010566221097543278
3330,6,6,0.03199495038513957,0.033906229219965944
3330,7,1,NA,NA
3340,4,2,0.06849315068493157,-1.5700924586837757e-16
3340,5,1,NA,NA
3340,7,1,NA,NA
3350,1,32,0.06267672468617606,0.04950082901232501
3350,2,16,0.028037682902385258,0.0012369733573818352
3350,3,5,0.024032042723631474,0.050385827774266014
3350,4,1,NA,NA
3360,1,34,0.07237959484215724,0.058055568125578896
3360,2,11,0.02422653382275825,-0.015823515718589743
3360,3,25,0.027731245838970787,0.0069731913944387275
3360,4,15,0.020398649763926358,-0.006455993035605233
3360,5,16,0.025784531130344204,0.003281575147541437
3360,6,8,0.03935348489533457,0.03251104823716516
3360,7,7,0.02886836027713632,0.0194156542226173
3360,8,2,0.01587301587301589,0.09882009643040104
3400,1,27,0.07979903944279117,0.07368424896049712
3400,2,47,0.029558653844475372,0.017878262887225202
3400,3,35,0.02612685677583702,0.005600743544567194
3400,4,30,0.02813543216592184,0.024682891425769373
3400,5,40,0.031132959209299742,0.017935149682214952
3400,6,28,0.029803371072196647,0.03260801341384926
3400,7,15,0.02801626316572023,0.04801162281604913
3400,8,16,0.031132305683919462,0.024197592884495394
3400,9,2,0.0280160091480846,0.1165816309353986
3401,1,22,0.05364990171560301,0.02987094793870225
3401,2,19,0.032930107526881726,0.027291409735230882
3401,3,23,0.026913917826860017,0.03508087834442352
3401,4,20,0.02764990470605482,0.03128848511072099
3401,5,4,0.006158583525789081,-0.058656575880486554
3401,6,6,0.01409938913653619,0.05633562205359606
3401,7,1,NA,NA
3410,1,11,0.0650730411686587,0.015919076000137904
3410,2,7,0.027434104357181174,0.0035272651048247903
3410,3,5,0.013495276653171366,0.00568357506487632
3420,1,6,0.022693349549449956,-0.08288036709166953
3420,2,6,0.028697571743929454,-0.05297707790949313
3420,3,2,0.01930501930501923,-0.028229607553418468
3420,4,5,0.031864046733935225,-0.01957648795509753
3420,5,21,0.025783820666819068,0.0018840812595501855
3420,6,13,0.031694711832855695,0.0594263988990368
3420,7,34,0.030128775451959557,0.03184158287137717
3420,8,66,0.03344709286230016,0.02247505422723205
3420,9,101,0.0620044216030319,0.05801300787629719
3420,10,146,0.12252168798261345,0.12508000373989261
3430,3,1,NA,NA
3430,4,1,NA,NA
3430,7,1,NA,NA
3430,8,3,0.015317286652078713,0.037070269128629554
3430,9,6,0.07624431272615786,0.03241257509481423
3430,10,4,0.10869755627572911,0.058820153674597184
3440,4,4,0.018826135105204866,-0.11633989450219187
3440,5,3,0.03644646924829176,0.0027475330875386095
3440,6,20,0.029991136744129624,0.02318749018384214
3440,7,20,0.03098865931774938,0.03697968696885578
3440,8,23,0.03211125212376909,0.03779926611862866
3440,9,29,0.052089181539071154,0.025336307712084713
3440,10,56,0.12211670899163861,0.1284298143694647
3480,1,68,0.06730003860541157,0.059105863920576526
3480,2,75,0.029218771283069787,0.019793892469021534
3480,3,43,0.03211937047717587,0.013588663468099053
3480,4,40,0.025986476054665947,0.025015484386346043
3480,5,12,0.028393463949162666,0.0036837355162035183
3480,6,2,0.08292682926829278,-0.13746181001646615
3480,7,2,0.01724137931034476,-0.20543676463958527
3500,1,2,0.08158414347339435,0.41239396911248016
3500,3,2,0.011345218800648236,0.11651659976384991
3500,4,5,0.025953389830508482,0.01932551482108258
3500,5,9,0.02310547875064005,0.026085059702648922
3500,6,12,0.03599657802183329,0.030747310208194725
3500,7,17,0.02761893320518988,0.002794466505082577
3500,8,5,0.029222520107238647,-0.006040275260519756
3512,6,2,0.026104417670682792,0.02803504373857536
3512,8,1,NA,NA
3512,9,1,NA,NA
3513,5,9,0.02451612903225806,0.002801716801249097
3513,6,1,NA,NA
3513,7,1,NA,NA
3520,4,2,0.047619047619047665,0.032149456432187376
3520,5,7,0.015715317034153197,0.014179105166778646
3520,6,8,0.030923605531718478,-0.003127771614754061
3520,7,21,0.03020097862881741,0.05581213494709468
3520,8,19,0.035935713922531566,0.022154922220946723
3520,9,15,0.0407709006092306,0.04783711369303816
3520,10,4,0.048484848484848506,0.1591775538818716
4040,1,1,NA,NA
4040,2,1,NA,NA
4040,4,3,0.022857142857142944,0.05620490955706894
4040,5,3,0.016042780748662878,-0.07093968301780568
4040,6,7,0.013806706114398434,-9.770040174444854e-4
4040,7,14,0.01720726662269918,0.01842665309042044
4040,8,13,0.01492998018000463,-5.345802723196061e-4
4040,9,44,0.02502680132536701,0.007788417553970279
4040,10,41,0.06258640696280428,0.05677608469168795
4050,1,15,0.04450590079416533,-0.00407352672551504
4050,2,34,0.0249406434468187,0.013576763741095255
4050,3,42,0.01924344320847176,0.011466175169566875
4050,4,31,0.01460693372836691,0.004691724259794958
4050,5,36,0.01373735210664382,0.015951871363073005
4050,6,32,0.01248416786662605,0.009980921745430216
4050,7,34,0.0150135878297128,0.009525669465195482
4050,8,37,0.01992786324419875,0.011105678277004644
4050,9,48,0.02480848316409518,0.03072475011643007
4050,10,28,0.07454764150271914,0.04863988992292339
4060,3,3,0.020100502512562807,0.012685686571148314
4060,4,3,0.01904212348528558,0.07498549694486828
4060,5,16,0.012698412698412738,0.010678014306216187
4060,6,12,0.013720412521012235,-0.019109263676616937
4060,7,18,0.015583681447472807,0.020305018089516066
4060,8,44,0.020052858566631648,0.024506432031716718
4060,9,37,0.02780577454577515,0.004706203495614784
4060,10,20,0.08183569939832473,0.07446066602861975
4070,2,2,0.05617977528089881,0.10041292878194809
4070,3,1,NA,NA
4070,4,4,0.02389277389277391,0.03137841218729085
4070,6,1,NA,NA
4070,7,2,0.020979020979020935,2.931435622782578e-4
4070,8,1,NA,NA
4070,10,1,NA,NA
4100,1,26,0.06215194072763462,0.036868306781871
4100,2,32,0.019704972960042904,0.013995317229777924
4100,3,16,0.023581346817561608,0.022532629354408813
4100,4,15,0.013166784766738694,0.006174897719269801
4100,5,11,0.01657588694244077,-0.011458508380755454
4100,6,10,0.012935323383084587,-0.01586191334255752
4100,7,5,0.016759506569556736,0.022849203406828958
4100,8,3,0.012658227848101389,0.010649023269410956
4100,9,3,0.028985507246376815,0.0029866484344756197
4100,10,1,NA,NA
4140,1,39,0.09135508454393901,0.07619378172491774
4140,2,30,0.02489933267514043,9.716079906684865e-4
4140,3,12,0.020987977760312013,-0.009930932150231983
4140,4,4,0.01474926253687313,0.10907461221056511
4140,5,6,0.01449491453219024,-0.0021810633598680048
4140,6,1,NA,NA
4140,7,10,0.016054767963164886,0.026359097187433553
4140,8,2,0.05590062111801236,0.017891768080113488
4150,1,4,0.05363984674329494,0.05189408889336051
4150,2,6,0.02545454545454551,0.019174573528320343
4150,3,8,0.017647879464285705,-0.009834325422088211
4150,4,3,0.02810304449648711,0.03595536638961516
4150,5,2,0.00787401574803153,-5.147359420757209e-4
4150,6,7,0.011761331038439474,0.0191375713057013
4150,7,4,0.014769370597591536,-0.0353032143608002
4150,8,2,0.018633540372670655,-0.008765252206204662
4150,9,6,0.02936288088642664,0.0037054577768676432
4150,10,2,0.2164813603662525,0.1599253408239708
4160,1,3,0.11602209944751381,0.009780271954947307
4160,2,2,0.008968609865470812,-0.029030367024281807
4170,1,13,0.05437084395527317,-0.02159471949101968
4170,2,21,0.020868806752986784,0.006163618355292689
4170,3,19,0.021526470036135614,-0.009241073639706419
4170,4,34,0.015146414168640187,0.0018342248283203062
4170,5,30,0.013975546173122374,0.009593024152733417
4170,6,21,0.01283861726409363,0.024213866302822216
4170,7,10,0.015304264540769042,0.006033441808186782
4170,8,16,0.020402164146733643,0.004679069238956789
4170,9,16,0.03208687766158433,0.024281964312501413
4170,10,7,0.06272170261041456,0.04928310647573723
4180,1,4,0.24376199616122837,0.24873305508836616
4180,2,1,NA,NA
4180,3,1,NA,NA
4180,5,1,NA,NA
4180,7,1,NA,NA
4190,1,1,NA,NA
4190,2,2,0.02222222222222232,-0.11359546983563167
4190,3,7,0.010898540529053298,-0.0019765849018187577
4190,4,1,NA,NA
4190,5,4,0.013550135501355002,0.005890831206675907
4190,6,7,0.007268063274903809,-0.01895354198831464
4190,7,4,0.019283746556473785,-0.023086265035066323
4190,8,5,0.006646216768916119,0.0034995351263560864
4210,1,23,0.03407307778524995,0.015160682381447082
4210,2,58,0.023803760512733616,0.01174495265047814
4210,3,54,0.021559283526025416,0.024087082555777486
4210,4,75,0.016040830951854063,0.015614711836858986
4210,5,83,0.012909415439498213,0.002681156144534226
4210,6,80,0.013909678701215386,0.015392725844169569
4210,7,92,0.014988007831690306,0.012142958798908286
4210,8,79,0.020473732539395162,0.012179316319993723
4210,9,53,0.02434960618199952,0.020847447616009526
4210,10,17,0.042398424981068855,0.007385959994121033
4211,1,11,0.025176803394625132,0.01973792022912841
4211,2,16,0.023049140855860777,0.022987730545104734
4211,3,21,0.01953663694033279,0.026021763961969025
4211,4,20,0.017537391849876724,-0.0035566968442662544
4211,5,11,0.017033961398178147,0.03745427191695822
4211,6,14,0.009289352213729146,0.00779205768312402
4211,7,18,0.016390207142793004,-0.013465080150215122
4211,8,26,0.019158279285118575,0.012723563673196818
4211,9,6,0.0060098896918981265,3.096853549784769e-4
4220,1,50,0.06388031025836768,0.04544802561993233
4220,2,35,0.02267900215346556,-0.007403042629168608
4220,3,53,0.018236063451044563,0.030682728245120187
4220,4,75,0.018142236041396687,0.0039025260469218014
4220,5,68,0.012180349810462995,0.011641001346427577
4220,6,77,0.0127262851083452,0.014954080829200262
4220,7,60,0.01695137189022236,0.004902467813526334
4220,8,79,0.020811642978813626,0.02243148534635901
4220,9,109,0.030994754795913005,0.030060223524223096
4220,10,147,0.1407668107398411,0.14030183995787168
4230,1,2,0.040000000000000084,0.1054043447601561
4230,2,5,0.031083481349911152,0.0010317631544135995
4230,3,3,0.026315789473684306,0.047022991436646
4230,4,2,0.03202846975088967,0.013153680679616434
4240,1,6,0.032784041630529094,0.042857095700474815
4240,2,27,0.024143146421339464,0.006404792144517484
4240,3,31,0.01873757244997247,0.036714297714553194
4240,4,9,0.01542254883001349,0.01665103121366648
4240,5,19,0.015993091971881868,0.022783078072999015
4240,6,20,0.011007442489489875,0.007746432854802106
4240,7,20,0.015591440654505392,0.04283771439554749
4240,8,19,0.01984158208094003,0.05293817442496427
4240,9,20,0.03193253728830206,0.012092830869127021
4240,10,60,0.14516802815867774,0.1276106645896124
4250,1,8,0.04077442065121735,0.042908756284863
4250,2,5,0.030434782608695636,-0.04919192991222191
4250,3,6,0.011191573403554908,0.018002330140848937
4250,4,7,0.021783181357649423,0.04558750758213675
4250,5,12,0.016169504388166032,-5.472907409741857e-4
4250,6,7,0.011051693404634603,-0.05031972911490566
4250,7,2,0.008287292817679743,0.04362413867486858
4250,8,7,0.0230496453900709,0.062436053646769615
4250,9,5,0.0399173373939526,0.04378174055540291
4250,10,3,0.02446675031367641,0.012337156412737176
4270,1,2,0.02827763496143943,0.0015732171388143118
4270,2,7,0.01793043853964129,0.0048774941973985285
4270,3,6,0.019935691318327866,-8.195448384287265e-5
4270,4,6,0.013251382452291054,-0.03520505419616921
4270,5,5,0.014001953760989904,0.0028872702119299783
4270,6,1,NA,NA
4270,8,1,NA,NA
4280,1,4,0.11331133113311335,0.08817948128383232
4280,3,2,0.01477832512315273,0.012729942695390803
4290,1,4,0.054373522458628816,0.07745741524526145
4290,2,2,0.011235955056179903,0.09432842939423164
4290,3,3,0.020408163265306218,0.03384045845018948
4290,4,4,0.006018916595012834,0.0685531283829292
4290,5,3,0.016409290965985663,0.03998273268151747
4290,6,4,0.013047759724273807,-0.025883234406331886
4290,7,3,0.02304147465437787,0.010840564993942047
4300,1,27,0.04003068554292487,0.027720869718302694
4300,2,20,0.025092272370600726,0.013172321749645057
4300,3,12,0.021594241535590503,0.007708308349702954
4300,4,1,NA,NA
4310,1,42,0.08633125671725328,0.07955321220012629
4310,2,20,0.025117911593726033,0.059808493057640896
4310,3,28,0.019290483334567843,0.009857101969673486
4310,4,27,0.01566380464053665,0.005970787826669829
4310,5,21,0.013419713095789002,0.016036601658027103
4310,6,9,0.01268221574344024,0.027690210432346984
4310,7,6,0.012801238116294493,0.019960746616520607
4320,1,34,0.03974312441874176,0.02992548222382895
4320,2,50,0.02283558736681234,-0.005658867222871978
4320,3,30,0.020932182752724047,-7.622466420429267e-4
4320,4,51,0.014963305861320992,0.019180533417235923
4320,5,59,0.014109858754223508,0.008518700273166063
4320,6,59,0.013141838611377235,0.016421355779210903
4320,7,59,0.01533875207343954,3.1133281927195935e-4
4320,8,67,0.018188082770737406,0.026508577160680485
4320,9,87,0.02839171032877819,0.013830741632573496
4320,10,127,0.15566953003764564,0.16540825734608006
4330,1,80,0.10492113182584628,0.09475852020598208
4330,2,16,0.022439586174169978,0.005143448808805624
4330,3,6,0.00729927007299269,-0.0018038343596544428
4330,4,3,0.01629702782085795,0.016048430622863246
4330,5,3,0.020436242363515284,-0.06303759118346168
4330,6,2,0.001472754050073699,0.022145564095369212
4330,7,2,0.013698630136986446,-0.04704869396541913
4330,8,2,0.012658227848101392,-0.043128860382548484
4330,9,1,NA,NA
4350,1,9,0.06257961783439482,0.05749801563155704
4350,2,2,0.034632034632034625,0.07781501505391747
4350,3,4,0.02761721258831086,-0.030733300894122347
4350,4,1,NA,NA
4350,8,1,NA,NA
4360,1,11,0.10405862457722664,0.10049319096234993
4360,2,1,NA,NA
4360,3,3,0.012987012987013054,0.0140546014379492
4360,4,1,NA,NA
4360,5,2,0.032258064516128906,0.11343581001852222
4370,1,40,0.0665759807005555,0.08058781975853176
4370,2,42,0.02060560285928474,0.00980947974529325
4370,3,37,0.0195972098786981,0.013979608726600395
4370,4,21,0.01795741089876464,0.023196967709440353
4370,5,11,0.014906693904642852,7.711886792613593e-4
4370,6,21,0.014615438744634425,0.015729590883824193
4370,7,16,0.012953873082827604,0.013672659816599365
4370,8,11,0.01621590081025225,0.008086649384529859
4370,9,9,0.03394318728935963,0.023999701022736155
4370,10,2,0.13339031225775677,0.15086527447981143
4380,3,1,NA,NA
4390,1,19,0.04925092402207016,0.051896362479140305
4390,2,18,0.024014644138712543,0.0058726310080382755
4390,3,21,0.021064860966547975,0.012162878291574917
4390,4,13,0.016949152542372833,0.081210228289737
4390,5,10,0.011501736111111169,0.02261116208459245
4390,6,15,0.013745851316895288,-0.013197758819174829
4390,7,15,0.013673983447283211,0.0013630662307976805
4390,8,29,0.01480447446127562,0.008191644172299164
4390,9,3,0.024390243902438987,-0.013292078976963977
4400,6,2,0.029850746268656785,-0.020051558028044352
4400,7,1,NA,NA
4400,8,4,0.012521991100072426,-8.567248259309684e-4
4400,10,1,NA,NA
4410,2,1,NA,NA
4410,3,3,0.0064599483204132785,0.0860019495672022
4410,4,1,NA,NA
4410,5,1,NA,NA
4410,6,2,0.02941176470588235,0.007047367734887043
4410,7,4,0.00684931506849318,-0.003923043877092748
4410,8,3,0.028806584362139825,0.0722734798842008
4410,9,1,NA,NA
4420,1,1,NA,NA
4420,2,1,NA,NA
4420,4,1,NA,NA
4420,6,1,NA,NA
4420,7,4,0.012891344383057108,0.004558667495278023
4440,1,8,0.06332842415316646,0.057802009886278746
4440,2,45,0.026863096496988977,0.005139392055628923
4440,3,45,0.019631058208540355,0.011773663807837278
4440,4,45,0.01567591407442562,0.026622813030888703
4440,5,54,0.013690558357755343,0.016223511895618475
4440,6,67,0.012197011773312488,0.00540767833777758
4440,7,70,0.01074701639351926,-5.331363518273546e-4
4440,8,23,0.021599003735990042,-0.008666295727088585
4440,9,14,0.02320598047093774,0.03283113388878167
4440,10,5,0.055922195206668954,0.09291439173989033
4460,1,4,0.05893835813332225,0.07306745949524296
4460,2,11,0.01532322426177166,0.0033472747669462347
4460,3,17,0.015349554063497344,0.006159759298848058
4460,4,5,0.022105263157894756,-0.001497617277557842
4460,5,6,0.0042780748663101805,0.015019008470927391
4460,6,8,0.011531069827033944,0.006313434186827077
4460,7,4,0.016644735323314206,-0.002830097134157576
4470,1,40,0.03463828057727787,0.042556754356708984
4470,2,20,0.02287566403781795,0.03110197442221871
4470,3,42,0.02077541946319084,-0.0010061510729684766
4470,4,72,0.01583552071603861,0.005670483921779154
4470,5,54,0.01406846143651149,-5.971949219652356e-5
4470,6,36,0.011078104325107852,4.974419153392431e-4
4470,7,37,0.015658173464686592,0.02231954873436388
4470,8,33,0.023219532143117026,0.02922453129375556
4470,9,46,0.031072498578495002,0.03884551738702658
4470,10,43,0.043768845680124915,0.039958547963783626
4480,1,3,0.011437908496731913,-0.0298641356345787
4480,2,4,0.027932960893854743,-0.01715029902934399
4480,4,1,NA,NA
4480,7,1,NA,NA
4500,1,10,0.0717104287197745,0.07103741371606855
4500,2,6,0.008959757023538345,-0.025707206356997424
4500,3,4,0.01829753381066026,0.02212437018540505
4500,4,7,0.017463546965072945,0.00839789780143243
4500,7,2,0.02040816326530613,0.046596126087746575
4500,9,2,0.025641025641025703,0.11019487565062118
4560,1,4,0.056018036767256314,0.012246309621549361
4560,2,8,0.024112706583581684,0.008403351423550256
4560,3,4,0.02022178734507499,0.05760710693982169
4560,5,11,0.013529496610413992,0.015034156640169254
4560,6,25,0.012780450537220664,0.0032172962962246127
4560,7,17,0.0141538615046897,0.007428578008214777
4560,8,28,0.01767440737794891,0.013897694895027936
4560,9,28,0.02912604710582947,0.023070273719668046
4560,10,21,0.07349101154807726,0.05658703604336694
4570,1,1,NA,NA
4570,2,1,NA,NA
4570,3,2,0.05882352941176473,-0.014781347750427689
4570,4,1,NA,NA
4570,5,1,NA,NA
4590,1,13,0.05174786677676849,0.006937536899554456
4590,2,10,0.01869278045546122,-0.013620979761331168
4590,3,15,0.01893354659921511,0.03935723251154934
4590,4,15,0.013089964360656861,0.0020603377763800156
4590,5,19,0.011914845558755455,0.025697485668791393
4590,6,14,0.012027331323083916,0.0594025807777329
4590,7,27,0.013331337309622696,0.01220982846901469
4590,8,27,0.019855248831102294,0.02520996879529421
4590,9,23,0.0322241450855321,0.04871160125650176
4590,10,35,0.07303044101121445,0.05094499063284606
5031,3,1,NA,NA
5031,4,2,0.005780346820809066,-0.034202913985014634
5031,5,1,NA,NA
5031,6,2,0.006910167818361255,0.12030950581606899
5031,8,2,0.008130081300812839,0.0044796891587775165
5031,9,1,NA,NA
5031,10,1,NA,NA
5070,1,7,0.10824747737328515,5.959977581818542e-4
5070,2,2,0.014084507042253626,0.16787958170693645
5070,3,4,0.022276225192385566,0.011531036275627493
5070,4,2,0.016759776536312915,-0.02106926335315314
5070,5,1,NA,NA
5070,7,3,0.005906674542232562,0.08381312972927986
5070,8,6,0.024064171122994592,0.03630008782261323
5070,9,2,0.0045248868778281015,-0.004358843898945562
5130,1,2,0.03571428571428582,-0.09619974649924715
5130,3,2,0.024390243902439067,-1.5700924586837757e-16
5130,4,4,0.009938837920489293,-0.006883456132726821
5130,5,2,NA,NA
5130,7,1,NA,NA
5150,1,1,NA,NA
5150,2,1,NA,NA
5150,3,2,0.012658227848101085,-0.07868032787779308
5150,4,1,NA,NA
5150,5,4,0.018276762402088736,-3.8434554978196583e-17
5150,6,2,0.007938507814499741,1.5700924586837747e-16
5150,8,1,NA,NA
5151,2,4,0.012681159420289823,0.018529174996388842
5151,3,1,NA,NA
5151,4,1,NA,NA
5151,5,2,NA,NA
5151,6,3,0.003261578604044356,-0.02387413611894091
5151,7,1,NA,NA
5151,8,2,0.013567438148443576,0.007812959598463386
5160,2,4,0.02216066481994465,-0.0013924734392405376
5160,3,3,0.016666666666666687,-0.005618260992762842
5160,4,2,0.011494252873563147,-0.09581093060583479
5160,5,1,NA,NA
5160,6,1,NA,NA
5160,7,1,NA,NA
5190,3,1,NA,NA
5190,4,1,NA,NA
5190,5,1,NA,NA
5190,6,2,0.019607843137254936,-0.008547827515716975
5190,7,1,NA,NA
5190,8,1,NA,NA
5230,1,2,0.0014513788098692174,-0.03713466767326923
5230,2,1,NA,NA
5230,4,3,0.021244309559939396,-0.014376310341047789
5230,5,3,0.0064663882527278525,0.0402875607885706
5230,7,1,NA,NA
5230,8,3,0.03293084522502742,0.04040452270143833
5230,9,8,0.02548262548262545,0.022543517960897468
5230,10,1,NA,NA
5231,1,4,0.05084745762711861,-0.009644304992743396
5231,2,5,0.011123470522803148,0.03340421852293337
5231,3,1,NA,NA
5231,7,6,0.017522658610271896,0.0011314718952277008
5231,8,2,0.010594879828503066,0.09297494984091866
5231,9,4,0.022700119474313007,0.030374361189536323
5231,10,12,0.09822170516868868,0.05832641490883031
5320,1,1,NA,NA
5320,3,2,0.007832898172323724,1.5700924586837747e-16
5320,5,2,0.016393442622950793,0.034550250879686384
5320,6,7,0.01241858924826139,-0.0018322817412882821
5320,7,3,NA,NA
5320,9,2,0.016973125884016935,-0.006369042954150702
5320,10,3,0.02788926525041056,0.1240760587559131
5420,1,1,NA,NA
5420,2,1,NA,NA
5420,4,1,NA,NA
