boro,boro_name,decile,cutoff,predicted,actual,n,median_sales_ratio,r,spearmans,cod,prd,prb,clapp,gini,ci,ki,mki,gini_p_value,ci_p_value,ki_p_value,mki_p_value,accuracy,uniformity,vertical_equity
All,All,All,,prediction,GROSSCON,20710,1.0037,0.9548741329943173,0.9565546430283309,10.883754073064331,1.0413892441406285,-0.0239955569936313,1.0375807157421355,0.4783532888368486,0.4545726040488471,-0.02378068478800125,0.9502863566678422,0,0,0,0,TRUE,TRUE,TRUE
1,Manhattan,1,"$400,000",prediction,GROSSCON,995,1.0712,0.36761283808986506,0.4716275946299251,11.144693593503,1.003661940130176,0.23768082869517743,0.8064767871298878,0.07954304844878578,0.06951322947011675,-0.01002981897866905,0.8739070330561092,0,0,0,0,TRUE,TRUE,TRUE
1,Manhattan,2,"$499,000",prediction,GROSSCON,994,1.0544,0.12813045658977898,0.19199351747079815,10.674963537239245,1.0004887045275728,0.8159973192879914,0.49888763835376304,0.037745876282595334,0.033214276882986636,-0.004531599399608499,0.8799445172320015,0,0,1.955e-4,0,TRUE,TRUE,TRUE
1,Manhattan,3,"$592,500",prediction,GROSSCON,994,1.0569,0.07645355535110288,0.10284192214508617,10.305314270544056,1.0005256896450303,0.9472731867994086,0.3946296292792121,0.029199092119839346,0.023030308110424173,-0.006168784009415181,0.7887337050036712,0,0,0,0,TRUE,TRUE,TRUE
1,Manhattan,4,"$690,000",prediction,GROSSCON,994,1.046,0.04740998211530507,0.06908953863499781,10.958905712179037,1.0004431850321098,1.0899790261194389,0.3336836626949789,0.025339986030037502,0.019634433175793893,-0.005705552854243631,0.7748399368697212,0,0,1e-7,0,TRUE,TRUE,TRUE
1,Manhattan,5,"$810,000",prediction,GROSSCON,994,1.0288,0.06401987663335179,0.0855642273213932,10.022559593655702,1.0003770837052197,1.0212962549806806,0.3488948457192487,0.026061831632446315,0.021318586599680035,-0.004743245032766283,0.8180003194072927,0,0,1e-7,0,TRUE,TRUE,TRUE
1,Manhattan,6,"$975,000",prediction,GROSSCON,994,0.995,0.06731073416951518,0.08884028594176965,11.274285874771502,1.0006001797534423,0.9787657209598488,0.38026983730921243,0.030907854924173656,0.024490457370500998,-0.006417397553672521,0.7923700117845116,0,0,0,0,TRUE,TRUE,TRUE
1,Manhattan,7,"$1,275,000",prediction,GROSSCON,994,0.9746,0.12355945436674012,0.1733058469527441,13.08724587723496,1.0012557391091783,0.7629686825538154,0.5150608045585007,0.04786551679544623,0.039440085066763594,-0.008425431728682733,0.8239770028037353,0,0,0,0,TRUE,TRUE,TRUE
1,Manhattan,8,"$1,700,000",prediction,GROSSCON,994,0.9594,0.14286000974799423,0.18648210751166677,13.449752309120738,1.0012659844415879,0.7146054018575745,0.5186311441884964,0.051836228662340576,0.04384547137708983,-0.007990757285250848,0.8458460908238057,0,0,1e-7,0,TRUE,TRUE,TRUE
1,Manhattan,9,"$2,510,000",prediction,GROSSCON,994,0.9439,0.1652994552968974,0.22314193165017102,14.98188316286446,1.00195028546684,0.633306834471017,0.5240335139068245,0.06632863848322314,0.0566756989851447,-0.009652939498078281,0.8544679987586409,0,0,2e-7,0,TRUE,TRUE,TRUE
1,Manhattan,10,"$36,000,000",prediction,GROSSCON,994,0.9501,0.9096360227458823,0.7189842066924892,13.079314659820401,0.9960790610905987,0.07754913222007627,0.8658884592812662,0.24800015875858175,0.25258734896829843,0.004587190209716161,1.0184967228758153,0,0,0.0780861,0,TRUE,TRUE,TRUE
2,Bronx,1,"$142,986",prediction,GROSSCON,139,1.0833,0.13061725808206037,0.32175381989784346,15.439689609050145,1.0162538199963598,0.31874190477982123,0.8625613311198327,0.08580511950317242,0.059548373087114935,-0.02625674641605742,0.6939955731302643,0,0,2.768e-4,0,TRUE,FALSE,TRUE
2,Bronx,2,"$169,100",prediction,GROSSCON,139,1.0264,0.035085827690476,0.084034701410581,8.795489806959747,1.000940359459167,1.0782842162696749,0.4253738245634358,0.02701301628759468,0.014950348825635201,-0.012062667461959362,0.5534498134701448,0,0.005157,0.0226497,0.005157,TRUE,TRUE,TRUE
2,Bronx,3,"$195,000",prediction,GROSSCON,139,1.011,0.09681558297145532,0.20807701566512113,9.730356519997487,0.9998184470005558,1.0690846852171416,0.3729359636133277,0.026169388686635337,0.029646727747031688,0.0034773390603962348,1.1328781158029817,0,0,0.1906948,0,TRUE,TRUE,TRUE
2,Bronx,4,"$225,000",prediction,GROSSCON,139,1.0245,0.04449589104834136,0.13550891884567984,9.407942463198355,1.000245947793087,1.1931114385370636,0.33786325985156906,0.023689832456724905,0.019787363878671558,-0.003902468578053207,0.8352682069330026,0,4.5e-6,0.3450459,4.5e-6,TRUE,TRUE,TRUE
2,Bronx,5,"$255,000",prediction,GROSSCON,139,0.9823,0.12743956821524904,0.10977205587679091,9.156443072037296,0.9997363193385163,0.9992995108991436,0.3150849383824707,0.021934897474501284,0.025412831243267094,0.003477933768765596,1.1585571016599683,0,0,0.2467649,0,TRUE,TRUE,TRUE
2,Bronx,6,"$287,700",prediction,GROSSCON,139,0.9745,0.13227670536591446,0.11183849034085973,9.371432052005758,0.99956428343122,1.037581140048547,0.26717448984491143,0.019024132972995562,0.026543806689276226,0.007519673716280736,1.395270245795426,0,0,0.0164855,0,TRUE,TRUE,TRUE
2,Bronx,7,"$325,000",prediction,GROSSCON,139,0.9754,0.07381190298284057,0.10233853487202006,10.555949259375188,0.9997339371042228,1.1569943349057108,0.27574270650071814,0.021032547085653743,0.02621237032725279,0.0051798232415990455,1.2462765551173993,0,0,0.2163045,0,TRUE,TRUE,TRUE
2,Bronx,8,"$385,000",prediction,GROSSCON,139,0.9752,0.09862633107047214,0.08723474400171428,7.99810581460144,1.000437772377285,0.8183072725273931,0.43730628607788374,0.025657396899298596,0.019706225475616616,-0.005951171423681937,0.768052408159744,0,0,0.0655672,0,TRUE,TRUE,TRUE
2,Bronx,9,"$510,000",prediction,GROSSCON,139,0.9581,0.38212450583807905,0.4015068674483978,8.622407624324197,0.9993707314579212,0.4630850093546949,0.581833208737001,0.04867851178886726,0.05360429782871901,0.004925786039851721,1.1011901526738594,0,0,0.2196586,0,TRUE,TRUE,TRUE
2,Bronx,10,"$1,300,000",prediction,GROSSCON,139,0.9272,0.3640892216127293,0.25152132121797705,12.415148843247632,1.0151677002316488,0.05022402032285862,1.014434278750615,0.11319134930334725,0.07052416214760869,-0.04266718715573848,0.6230525793857921,0,0,5e-7,0,TRUE,TRUE,TRUE
3,Brooklyn,1,"$240,000",prediction,GROSSCON,359,1.0858,0.27000168595370294,0.44566307097287317,10.426362283922936,1.0022553237716494,0.377717603610876,0.7751748587394609,0.06857580817349378,0.06114687173186429,-0.007428936441629603,0.8916682626206237,0,0,0.0573492,0,TRUE,TRUE,TRUE
3,Brooklyn,2,"$285,000",prediction,GROSSCON,359,1.0427,0.0654499835489392,0.10396353024531485,9.022665735168395,1.0008990911423212,0.8993525055014958,0.4674584974817943,0.029772501634263846,0.019633492870788805,-0.010139008763475227,0.6594505598479358,0,0,1e-6,0,TRUE,TRUE,TRUE
3,Brooklyn,3,"$337,000",prediction,GROSSCON,359,1.0233,0.07241844713989556,0.11519168612545447,8.141916825133796,1.0008136150536657,0.8428843247051714,0.47794459224947583,0.028010327716751535,0.018403574838764897,-0.00960675287798661,0.6570281870625395,0,0,0,0,TRUE,TRUE,TRUE
3,Brooklyn,4,"$397,052",prediction,GROSSCON,359,1.0143,0.09988734631701418,0.15184071897130313,9.38596831924756,1.0000362836755805,0.9773997839529756,0.4350991799339343,0.027603781500784175,0.027002826011131867,-6.009554896521758e-4,0.9782292332072283,0,0,0.626623,0,TRUE,TRUE,TRUE
3,Brooklyn,5,"$470,000",prediction,GROSSCON,359,1.009,0.1324370384948764,0.16388512064524124,8.634210330316165,1.0001116053211254,0.8356550214221159,0.39495113191741865,0.027188559122026293,0.02608080197393796,-0.0011077571480883576,0.9592564967081746,0,0,0.4656235,0,TRUE,TRUE,TRUE
3,Brooklyn,6,"$565,000",prediction,GROSSCON,359,1.0092,0.13437382443061172,0.18593089128301477,7.713208886622637,1.0005137063156695,0.7131899940775199,0.5345800300105078,0.030134984639449858,0.02480006509856846,-0.005334919540881326,0.822965911391336,0,0,0.0014553,0,TRUE,TRUE,TRUE
3,Brooklyn,7,"$685,000",prediction,GROSSCON,359,0.9924,0.21592536981886087,0.23747328914655308,9.20502672361677,0.9995073775624667,0.7593755141474464,0.38132415532565217,0.03047570282850967,0.03601172581813495,0.005536022989625415,1.1816536609763337,0,0,0.0018025,0,TRUE,TRUE,TRUE
3,Brooklyn,8,"$835,000",prediction,GROSSCON,359,0.9657,0.13340225532335942,0.17774640957920954,7.775139785423166,1.0008144691426328,0.6800433157855786,0.5376709771047541,0.03339656309318118,0.02509854729568837,-0.008298015797492942,0.7515308454244125,0,0,3e-7,0,TRUE,TRUE,TRUE
3,Brooklyn,9,"$1,200,000",prediction,GROSSCON,359,0.9545,0.429672425091962,0.4533006663286376,8.167298435119607,1.0014313783144186,0.2512926269229836,0.7965202289413416,0.061156745962331775,0.052924934934564655,-0.008231811027767232,0.8653981519416101,0,0,3.4e-6,0,TRUE,TRUE,TRUE
3,Brooklyn,10,"$3,945,000",prediction,GROSSCON,358,0.9214,0.8557996087148892,0.8216719996463698,7.598143146822069,0.9973423149522981,0.09907720536184501,0.862844881591039,0.1369025832979939,0.14394907867722562,0.007046495379231627,1.0514708722763366,0,0,0.0100313,0,TRUE,TRUE,TRUE
4,Queens,1,"$209,000",prediction,GROSSCON,562,1.0777,0.5663943794226562,0.5609544669065105,8.883568403459032,1.0001916119234966,0.1841800494404384,0.802228197520203,0.07846941986239404,0.07783698812015571,-6.324317422381091e-4,0.9919404050221514,0,0,0.5859736,0,TRUE,TRUE,TRUE
4,Queens,2,"$240,000",prediction,GROSSCON,562,1.0559,0.028259713002335422,0.039147945465856815,8.068016962965755,1.0009499892691012,0.9542449822604223,0.42569829816208726,0.023672992707493932,0.010564170355846916,-0.01310882235164676,0.4462541127089112,0,0,0,0,TRUE,TRUE,TRUE
4,Queens,3,"$271,550",prediction,GROSSCON,562,1.0281,0.049930806961658664,0.07873434767651898,8.452192777314963,1.0002828746052812,1.0672419715167858,0.3432036182051534,0.01983363687474985,0.015258380335013177,-0.004575256539736642,0.7693183268086632,0,0,1.4e-6,0,TRUE,TRUE,TRUE
4,Queens,4,"$300,000",prediction,GROSSCON,562,1.0259,0.059651713635400595,0.08415717392315707,7.347717706116276,1.0000690531599952,1.0783196031459887,0.32190428630424384,0.016377349800558823,0.015134597332957588,-0.0012427524676015063,0.9241176086036234,0,0,0.1524326,0,TRUE,TRUE,TRUE
4,Queens,5,"$325,000",prediction,GROSSCON,562,1.0131,0.06142445554904072,0.07853273624087802,6.822310249455262,1.000021098808396,1.0939481139464358,0.30399179940857335,0.01408821684521345,0.013688353928847471,-3.9986291636631477e-4,0.9716172088519489,0,0,0.6318049,0,TRUE,TRUE,TRUE
4,Queens,6,"$350,000",prediction,GROSSCON,562,0.9905,0.049803864834403196,0.049223149805627364,6.924942126171571,1.0000257570457896,1.1301651955433782,0.28111764702190273,0.012750054141581143,0.01203977295358713,-7.102811879937134e-4,0.944291908088688,0,0,0.372446,0,TRUE,TRUE,TRUE
4,Queens,7,"$380,000",prediction,GROSSCON,562,0.9783,0.03881830860054596,0.044295709230403206,7.338204335102298,1.0001613631894535,1.1114777080434297,0.2671227404023675,0.01482191837029857,0.011184431510014912,-0.003637486860283688,0.754587309860462,0,0,2.1e-6,0,TRUE,TRUE,TRUE
4,Queens,8,"$425,000",prediction,GROSSCON,562,0.9667,0.10617816530499517,0.12467392193152167,7.5289320551425485,0.9999659106594256,0.9646459552979469,0.35415156114268564,0.019793523701283004,0.020590159709917337,7.966360086342136e-4,1.0402473061723017,0,0,0.4525393,0,TRUE,TRUE,TRUE
4,Queens,9,"$505,600",prediction,GROSSCON,561,0.9518,0.18815143982464141,0.19686435315537332,7.348067490655899,1.0002516777388089,0.6542385030736854,0.5160122496726071,0.029743789455074957,0.02692882291158227,-0.002814966543492724,0.9053595189091702,0,0,0.0114019,0,TRUE,TRUE,TRUE
4,Queens,10,"$1,500,000",prediction,GROSSCON,561,0.9405,0.7876850185785518,0.6449298951273522,9.041818707104193,1.0016781466556108,0.0795318339122286,0.8983997605470244,0.13224771722203996,0.12798066926090315,-0.004267047961136817,0.9677344301227331,0,0,0.0633492,0,TRUE,TRUE,TRUE
5,Staten Island,1,"$175,000",prediction,GROSSCON,18,1.1002,0.4246284932782656,0.3690378112113737,9.903909143221552,1.007401506370958,-0.0017484226706860066,0.8853966897646848,0.0843326462416111,0.05299803146475484,-0.03133461477685624,0.6284402758205496,0,0.0197041,0.0926572,0.0197041,FALSE,TRUE,TRUE
5,Staten Island,2,"$189,200",prediction,GROSSCON,18,1.0466,0.05295216931028994,0.12636890537854922,7.541680960062415,0.9999565571351037,1.1556509912800952,0.2878595584298344,0.015043689757679442,0.019783822473983078,0.004740132716303544,1.3150910975071013,0,0.0900195,0.6798924,0.0900195,TRUE,TRUE,TRUE
5,Staten Island,3,"$211,200",prediction,GROSSCON,17,1.0853,0.20315956017754996,0.19849574606211773,7.661984267163935,0.9994636054343893,0.9073782363593451,0.35926756770588525,0.02199209601873537,0.028378317118166085,0.006386221099430684,1.2903871051667832,0,0.0189249,0.5409048,0.0189249,TRUE,TRUE,TRUE
5,Staten Island,4,"$229,000",prediction,GROSSCON,17,1.0276,0.044967833757262904,0.039780097203410095,4.770149708384668,1.000256121663872,0.9029680793956322,0.5464857135835921,0.01376100880704576,0.005216546163386311,-0.008544462643659352,0.3790816673785912,0,0.3082652,0.0763509,0.3082652,TRUE,FALSE,TRUE
5,Staten Island,5,"$248,900",prediction,GROSSCON,17,0.988,0.08634368219948226,0.133803369144454,4.127709099733983,1.000234232234565,0.7366245094703503,,0.01366566368217633,0.010460403494692481,-0.0032052601874837153,0.7654515534679622,5e-7,0.0106661,0.4244394,0.0106661,TRUE,FALSE,TRUE
5,Staten Island,6,"$264,900",prediction,GROSSCON,17,0.9686,0.03480179526641912,0.09972549733977396,3.5916619013084405,1.0001622055105968,0.9642883476908665,0.42524639954027027,0.010965901160297336,0.006391902921425593,-0.0045739982388717905,0.5828889781140599,0,0.2587726,0.4215969,0.2587726,TRUE,FALSE,TRUE
5,Staten Island,7,"$285,000",prediction,GROSSCON,17,0.9169,6.466336277823193e-4,0.012644593265583289,5.433457151080141,1.0007044161651422,1.0069551458881831,0.5355346585651622,0.016281625214408308,0.0014843601444445437,-0.014797265069963688,0.09116781186750995,0,0.8548787,0.086866,0.8548787,TRUE,TRUE,TRUE
5,Staten Island,8,"$327,600",prediction,GROSSCON,17,0.95,0.12191588949224688,0.16276930525296537,6.254408532306252,1.0000132031898386,0.896351080380086,0.47802033066181215,0.02050017481094082,0.01795238016907105,-0.0025477946418697222,0.8757183943373,0,0.14701,0.8252755,0.14701,TRUE,TRUE,TRUE
5,Staten Island,9,"$365,000",prediction,GROSSCON,17,0.9444,0.04642565886823696,0.08326533742331287,7.368666972779692,1.0005411956544275,0.9637845679946163,0.4619853924318165,0.0230313293818797,0.012547201103211374,-0.010484128278668318,0.5447884008416379,0,0.3800771,0.4566111,0.3800771,TRUE,TRUE,TRUE
5,Staten Island,10,"$645,000",prediction,GROSSCON,17,0.998,0.5894815216681755,0.35456957236098335,9.412753018426184,1.0073742849893317,-0.034803032194464185,1.0814854853250573,0.08911840127438768,0.055387826132860606,-0.03373057514152709,0.6215083006519176,5e-7,0.0081004,0.0298149,0.0081004,TRUE,TRUE,TRUE
