boro,boro_name,NEIGHBORHOOD,predicted,actual,n,median_sales_ratio,r,spearmans,cod,prd,prb,clapp,gini,ci,ki,mki,accuracy,uniformity,vertical_equity,BORO,BORO_NAME,NBHD,NBHD_NAME
All,All,,prediction,GROSSCON,20710,1.0025,0.9551784674601095,0.9561274000324663,10.958161822569561,1.0406376978642877,-0.023261676835749052,1.0358656037912597,0.4783301911406198,0.4550339508573502,-0.023296240283269598,0.9512967387073819,TRUE,TRUE,TRUE,,,,
1,Manhattan,1010,prediction,GROSSCON,61,1.0043,0.9631571743447152,0.8884246072577474,7.996719358511542,1.0289131932545352,-0.06863914667654436,1.0968602525310263,0.273363556233895,0.2390310860963572,-0.03433247013753782,0.8744072889212697,TRUE,TRUE,TRUE,1,Manhattan,ABCD CITY,ALPHABET CITY
1,Manhattan,1030,prediction,GROSSCON,339,0.9959,0.942628066200333,0.8696801769567617,13.448705369597084,1.0472310012990789,-0.0758456951057215,1.1215673486788158,0.3527671397808271,0.3153556228506484,-0.03741151693017869,0.8939484075715717,TRUE,TRUE,FALSE,1,Manhattan,CHELSEA,CHELSEA
1,Manhattan,1040,prediction,GROSSCON,1,,,,,,,,,,,,,,,1,Manhattan,CHINATOWN,CHINATOWN
1,Manhattan,1050,prediction,GROSSCON,42,0.9814,0.987041639468524,0.9700777182094352,6.045046180973788,1.020902973047481,-0.03277042187620587,1.0469139165345047,0.36128771951352523,0.34493346699726163,-0.0163542525162636,0.9547334392149154,TRUE,TRUE,TRUE,1,Manhattan,CIVIC CTR,CIVIC CENTER
1,Manhattan,1060,prediction,GROSSCON,80,1.0104,0.9518534962696985,0.9434164596301643,6.232188901739299,1.0137469827704275,-0.05218137573548026,1.083625140295123,0.2106046569263814,0.18970455857987112,-0.02090009834651027,0.9007614615387347,TRUE,TRUE,TRUE,1,Manhattan,CLINTON,CLINTON
1,Manhattan,1070,prediction,GROSSCON,54,1.01,0.7139339047371192,0.8872869446771582,10.04242217605956,1.04590176494178,-0.11132428151436087,1.1895193409984055,0.23895114314737892,0.1866987193117019,-0.05225242383567702,0.7813259097762547,TRUE,TRUE,FALSE,1,Manhattan,EAST VILAG,EAST VILLAGE
1,Manhattan,1080,prediction,GROSSCON,40,1.0213,0.892218855086564,0.8820150118100992,13.457838488620212,1.0544746427582259,-0.061724107115713356,1.097607954102198,0.35742153891561,0.31571956122687245,-0.04170197768873757,0.8833255046261111,TRUE,TRUE,FALSE,1,Manhattan,FASHION,FASHION
1,Manhattan,1090,prediction,GROSSCON,18,0.9983,0.7998705683174958,0.8895367905338998,21.54768982727346,1.1085774977972602,-0.08376064292827075,1.1186955737209838,0.3772271285956419,0.3120931283236498,-0.06513400027199207,0.8273347929283987,TRUE,FALSE,FALSE,1,Manhattan,FINANCIAL,FINANCIAL
1,Manhattan,1100,prediction,GROSSCON,198,0.9912,0.9493281751713076,0.8982732433486076,10.162020307782857,1.0280989641095157,-0.04189898456143025,1.0535551012015236,0.3359996892449996,0.3102922515603641,-0.025707437684635515,0.9234896980339451,TRUE,TRUE,TRUE,1,Manhattan,FLATIRON,FLATIRON
1,Manhattan,1110,prediction,GROSSCON,499,1.0135,0.8762570879580764,0.8501469082411359,12.055880485163941,1.0508710166495494,-0.08315244725254307,1.129660416527313,0.30813079148584144,0.2549454411782945,-0.05318535030754695,0.8273935881218453,TRUE,TRUE,FALSE,1,Manhattan,GRAMERCY,GRAMERCY
1,Manhattan,1120,prediction,GROSSCON,509,0.9969,0.9396161355300919,0.9077809020576798,13.722869964102511,1.0474276454950557,-0.05303129637800944,1.0836085908362663,0.3712117251028428,0.3359506968503596,-0.03526102825248317,0.9050110062048438,TRUE,TRUE,FALSE,1,Manhattan,GRVIL-CNTL,GREENWICH VILLAGE-CENTRAL
1,Manhattan,1121,prediction,GROSSCON,401,1.0124,0.9393092330449627,0.888765168971218,12.601942591254641,1.0512536429040142,-0.07313234303113876,1.1139040467246575,0.35452137181001186,0.31141291175538044,-0.043108460054631426,0.8784037762391,TRUE,TRUE,FALSE,1,Manhattan,GRVIL-WEST,GREENWICH VILLAGE-WEST
1,Manhattan,1130,prediction,GROSSCON,18,0.989,0.9802296947972964,0.9671858708031889,9.07390077125142,1.0227278598860112,-0.0536843514297068,1.0766754050379015,0.3436704668270405,0.32981888495599143,-0.013851581871049068,0.9596951638034694,TRUE,TRUE,TRUE,1,Manhattan,HARLM-CNTL,HARLEM-CENTRAL
1,Manhattan,1131,prediction,GROSSCON,1,,,,,,,,,,,,,,,1,Manhattan,HARLM-EAST,HARLEM-EAST
1,Manhattan,1132,prediction,GROSSCON,10,0.9894,0.9571949483750292,0.881799591002045,6.221883295677023,1.015746628365141,-0.15951940600053482,1.23845904470551,0.14706364381316578,0.11529094580182217,-0.03177269801134361,0.7839527351048867,TRUE,TRUE,TRUE,1,Manhattan,HARLM-UPR,HARLEM-UPPER
1,Manhattan,1133,prediction,GROSSCON,2,,,,,,,,,,,,,,,1,Manhattan,HARLM-WEST,HARLEM-WEST
1,Manhattan,1140,prediction,GROSSCON,125,1.0256,0.6665327515834029,0.7342669308149993,11.441267539134433,1.0493858919700556,-0.1528089881538421,1.2288544933196806,0.21923700116486886,0.14726918432397065,-0.0719678168408982,0.6717350791220796,TRUE,TRUE,FALSE,1,Manhattan,INWOOD,INWOOD
1,Manhattan,1150,prediction,GROSSCON,26,0.999,0.8918590619751641,0.7981876829411075,7.70498253104594,1.0150295309028945,-0.10378048673972619,1.1304587481428883,0.16173019391970256,0.13333597643330627,-0.028394217486396284,0.8244346538006766,TRUE,TRUE,TRUE,1,Manhattan,JAVITS CTR,JAVITS CENTER
1,Manhattan,1160,prediction,GROSSCON,106,1.0379,0.4699521509839853,0.8201722460436428,12.585822435338692,1.0750258474871561,-0.14432041970120144,1.185324046160149,0.24365111045265295,0.16081207773980272,-0.08283903271285023,0.6600096237650935,TRUE,TRUE,FALSE,1,Manhattan,KIPS BAY,KIPS BAY
1,Manhattan,1170,prediction,GROSSCON,3,,,,,,,,,,,,,,,1,Manhattan,LITL ITALY,LITTLE ITALY
1,Manhattan,1180,prediction,GROSSCON,184,1.0272,0.5923574451779223,0.6503481460665287,11.683227289415742,1.043783301367036,-0.18924414572375708,1.2160582215528983,0.18532570876029428,0.11545920055208145,-0.06986650820821283,0.6230069283124652,TRUE,TRUE,FALSE,1,Manhattan,LOW E SIDE,LOWER EAST SIDE
1,Manhattan,1190,prediction,GROSSCON,39,0.9964,0.9465837165382647,0.9538820640683447,9.392346689106713,1.0365560462330112,-0.04942077181157061,1.0425602179613425,0.3511325586838808,0.32237677832777056,-0.02875578035611026,0.918105628074215,TRUE,TRUE,TRUE,1,Manhattan,MANHTN VLY,MANHATTAN VALLEY
1,Manhattan,1200,prediction,GROSSCON,70,1.0156,0.9695411932661283,0.8683703756055404,10.265440933861903,1.0311939052960748,-0.041602140198422656,1.0597740180850939,0.38730478547207586,0.36249868066620855,-0.024806104805867313,0.9359519795872602,TRUE,TRUE,TRUE,1,Manhattan,MIDTN CBD,MIDTOWN CBD
1,Manhattan,1201,prediction,GROSSCON,1111,1.0105,0.9027547326630517,0.9006652393521319,12.504050778275605,1.0428128523168634,-0.044332477403575966,1.0715045737994893,0.3597860252776397,0.32360110483432597,-0.03618492044331373,0.8994265538374078,TRUE,TRUE,TRUE,1,Manhattan,MIDTN EAST,MIDTOWN EAST
1,Manhattan,1202,prediction,GROSSCON,185,1.0141,0.9241963443668318,0.8626030991688642,13.746715435236217,1.0587652795352474,-0.06749342895224826,1.104547386978797,0.3766348235955996,0.32729625538230894,-0.049338568213290634,0.8690015762688305,TRUE,TRUE,FALSE,1,Manhattan,MIDTN WEST,MIDTOWN WEST
1,Manhattan,1210,prediction,GROSSCON,72,0.9932,0.8267118575127189,0.6441493483891149,10.161138717539107,1.0245799181867896,-0.08799019138093046,1.1829527664244706,0.18417153387492846,0.1353030728526367,-0.048868461022291754,0.734657902911975,TRUE,TRUE,TRUE,1,Manhattan,MORNSD HTS,MORNINGSIDE HEIGHTS
1,Manhattan,1220,prediction,GROSSCON,508,1.0125,0.855931416985391,0.8468548578681367,10.373270297703591,1.036982346827867,-0.08526349719672084,1.1274305459183218,0.25270813307756,0.2049081349460982,-0.047799998131461824,0.810848991881115,TRUE,TRUE,FALSE,1,Manhattan,MURRAY HIL,MURRAY HILL
1,Manhattan,1230,prediction,GROSSCON,116,0.9755,0.9750581085750295,0.9631025778285537,10.509111156355102,1.043008873763132,-0.044423610379818006,1.0453253107916767,0.4409130491682121,0.42201867063501025,-0.01889437853320186,0.9571471550482655,TRUE,TRUE,TRUE,1,Manhattan,SOHO,SOHO
1,Manhattan,1240,prediction,GROSSCON,3,,,,,,,,,,,,,,,1,Manhattan,SOUTHBRIDG,SOUTHBRIDGE
1,Manhattan,1250,prediction,GROSSCON,30,0.9846,0.9104478356607171,0.9114757060159151,8.919873388311366,1.0246564789511092,-0.09758299760638704,1.1424124639551674,0.2248482215700193,0.19403607711124807,-0.03081214445877123,0.8629646957239726,TRUE,TRUE,TRUE,1,Manhattan,TRIBECA,TRIBECA
1,Manhattan,1270,prediction,GROSSCON,1519,1.0207,0.9658546501526643,0.9329737470099501,13.202672486297004,1.0529555653649898,-0.036373306261900155,1.058638482507736,0.49635287161430414,0.46889687417988324,-0.027455997434420898,0.9446845198152579,TRUE,TRUE,TRUE,1,Manhattan,UES 59-79,UPPER EAST SIDE (59-79)
1,Manhattan,1271,prediction,GROSSCON,1439,1.0086,0.9499786239597323,0.9387016019971017,13.064484573377861,1.0519241603856213,-0.03719517154021785,1.0609105903264395,0.474288248087857,0.446092561559995,-0.02819568652786203,0.9405515809393635,TRUE,TRUE,TRUE,1,Manhattan,UES 79-96,UPPER EAST SIDE (79-96)
1,Manhattan,1272,prediction,GROSSCON,61,1.0518,0.9327836515385177,0.911837508592655,13.78222331323273,1.0596537250613878,-0.04001977422834273,1.066115568332298,0.46791398308436816,0.436653749391874,-0.031260233692494144,0.933192349827986,TRUE,TRUE,TRUE,1,Manhattan,UES 96-110,UPPER EAST SIDE (96-110)
1,Manhattan,1280,prediction,GROSSCON,760,1.0059,0.8918896126717917,0.9146372668285024,14.387001406266824,1.0656317413482062,-0.053544077573163165,1.078637502018268,0.41979483525392697,0.37672898397784915,-0.043065851276077816,0.8974121459831015,TRUE,TRUE,FALSE,1,Manhattan,UWS 59-79,UPPER WEST SIDE (59-79)
1,Manhattan,1281,prediction,GROSSCON,714,1.0074,0.9110119030826421,0.9164957050148063,13.412032109564063,1.0521070533394687,-0.05240077389267475,1.0844913750298641,0.427021072485287,0.3952611495347437,-0.03175992295054325,0.9256244597820461,TRUE,TRUE,FALSE,1,Manhattan,UWS 79-96,UPPER WEST SIDE (79-96)
1,Manhattan,1282,prediction,GROSSCON,326,1.0061,0.8762339249446341,0.8975584527588966,13.055827879691225,1.0499112652076432,-0.07808887977437518,1.1037747632629151,0.3174444183948169,0.27111460303518786,-0.046329815359629045,0.8540537723299737,TRUE,TRUE,FALSE,1,Manhattan,UWS 96-116,UPPER WEST SIDE (96-116)
1,Manhattan,1290,prediction,GROSSCON,37,1.0238,0.8585149012224553,0.8643223409792491,12.63893592440373,1.038033070995534,-0.09553546949897103,1.1461726156064833,0.2704560584754628,0.22859232850613653,-0.04186372996932625,0.8452106038766207,TRUE,TRUE,FALSE,1,Manhattan,WASHTS-LOW,WASHINGTON HEIGHTS LOWER
1,Manhattan,1291,prediction,GROSSCON,234,1.011,0.8694709289058767,0.9062223181093244,9.339095820728408,1.0262567313552151,-0.058520302413216686,1.1025037855361222,0.24357038886315732,0.21038810896536897,-0.03318227989778835,0.8637671842925422,TRUE,TRUE,TRUE,1,Manhattan,WASHTS-UPR,WASHINGTON HEIGHTS UPPER
2,Bronx,2020,prediction,GROSSCON,11,0.9267,0.8451709360773692,0.6818181818181819,13.086837262816791,1.0382006602116012,-0.3260863657143567,1.5131365443708489,0.16548561554501423,0.1110717088197184,-0.054413906725295835,0.6711864862327291,TRUE,TRUE,FALSE,2,Bronx,BAYCHESTER,BAYCHESTER
2,Bronx,2030,prediction,GROSSCON,97,0.989,0.8876065058087541,0.8683484618380608,8.872381802402542,1.0205138644624876,-0.1436133092780417,1.1989345917350467,0.1657204116007984,0.13145842642743052,-0.03426198517336787,0.7932542838723989,TRUE,TRUE,TRUE,2,Bronx,BED PK/NOR,BEDFORD PARK/NORWOOD
2,Bronx,2060,prediction,GROSSCON,22,0.9871,0.8437583631498028,0.7966716385459732,9.943388023660194,1.0262931250209808,-0.24410396105853238,1.431224005378341,0.1470201755077171,0.09760765415115796,-0.04941252135655913,0.6639065272101687,TRUE,TRUE,TRUE,2,Bronx,BRONXDALE,BRONXDALE
2,Bronx,2080,prediction,GROSSCON,2,,,,,,,,,,,,,,,2,Bronx,CITY ISLND,CITY ISLAND
2,Bronx,2100,prediction,GROSSCON,8,0.9849,0.28998906032679045,0.28,7.796399039064515,1.0082911354571213,-0.6294875913398069,2.2518041668831152,0.05686908000509194,0.015081016531574232,-0.04178806347351771,0.26518833310164164,TRUE,TRUE,TRUE,2,Bronx,COUNTRY CL,COUNTRY CLUB
2,Bronx,2140,prediction,GROSSCON,26,1.0171,0.9071868450042363,0.7834435416739943,8.238444949688592,1.0236516040482162,-0.12430329490626561,1.2974594803762471,0.18344060075115246,0.1378833407257224,-0.04555726002543006,0.751651162071634,TRUE,TRUE,TRUE,2,Bronx,FIELDSTON,FIELDSTON
2,Bronx,2150,prediction,GROSSCON,21,0.9884,0.7356539254435024,0.627133090189881,8.488270745684755,1.0182347936243692,-0.1856449851132276,1.3241008469746056,0.12560575632898566,0.07880336985244864,-0.04680238647653702,0.6273866115343268,TRUE,TRUE,TRUE,2,Bronx,FORDHAM,FORDHAM
2,Bronx,2160,prediction,GROSSCON,1,,,,,,,,,,,,,,,2,Bronx,HIBG/MORRS,HIGHBRIDGE/MORRIS HEIGHTS
2,Bronx,2180,prediction,GROSSCON,55,0.978,0.8340635948300955,0.8116764841414004,8.39928756779784,1.022884236298962,-0.12247255787384564,1.1226228038435004,0.16586331603707344,0.13702358409516016,-0.028839731941913277,0.8261235056010391,TRUE,TRUE,TRUE,2,Bronx,KBG/UNI HT,KINGSBRIDGE HTS/UNIV HTS
2,Bronx,2190,prediction,GROSSCON,77,0.9908,0.9099252629599305,0.8789140919464564,9.428542757705511,1.0238400126627947,-0.15046885566660168,1.255930041573335,0.17831211344562564,0.13770027544524,-0.04061183800038565,0.772242966472551,TRUE,TRUE,TRUE,2,Bronx,KBG/JER PK,KINGSBRIDGE/JEROME PARK
2,Bronx,2200,prediction,GROSSCON,77,0.9559,0.5522335360199828,0.5300509998584215,20.79303151524687,1.0781260740940855,-0.2875456107237298,1.532379024212269,0.19251717260800108,0.09940249158846112,-0.09311468101953996,0.5163305186850117,TRUE,FALSE,FALSE,2,Bronx,MEL/CONCRS,MELROSE/CONCOURSE
2,Bronx,2210,prediction,GROSSCON,18,1.0089,0.572019124918516,0.575399394987871,9.65408314354996,1.016582064961689,-0.17130413076838655,1.577599644047392,0.11281010374379798,0.05983724944110433,-0.05297285430269365,0.5304245582204248,TRUE,TRUE,TRUE,2,Bronx,MOR PK/VAN,MORRIS PARK/VAN NEST
2,Bronx,2250,prediction,GROSSCON,8,0.993,0.9098699094101188,0.6247848537005165,6.077887200297866,1.0097067337380372,-0.08251518847055705,1.098205199788257,0.1335551330798479,0.10757561423904805,-0.025979518840799853,0.8054771970069647,TRUE,TRUE,TRUE,2,Bronx,PARKCHESTR,PARKCHESTER
2,Bronx,2280,prediction,GROSSCON,6,,,,,,,,,,,,,,,2,Bronx,PEL PKWY N,PELHAM PARKWAY NORTH
2,Bronx,2290,prediction,GROSSCON,67,0.9919,0.8237205644527652,0.701284846308598,11.363010484211935,1.03455413823801,-0.26256167282215986,1.303350544545431,0.16654429484016708,0.11528902749681712,-0.05125526734334997,0.6922424308047312,TRUE,TRUE,FALSE,2,Bronx,PEL PKWY S,PELHAM PARKWAY SOUTH
2,Bronx,2300,prediction,GROSSCON,792,0.9976,0.8426280324155886,0.885564902939533,10.715564897057938,1.0341030610537325,-0.06964845891913532,1.1022148967672953,0.2606112105154288,0.22210045942832213,-0.038510751087106665,0.852229107831005,TRUE,TRUE,FALSE,2,Bronx,RIVERDALE,RIVERDALE
2,Bronx,2310,prediction,GROSSCON,36,0.9637,0.68315223053765906,0.54841099024826645,18.280736267205455,1.0599381301925792,-0.3599212218868285,1.4243922810566683,0.18428268230362932,0.11443775271123553,-0.06984492959239379,0.6209902703862573,TRUE,FALSE,FALSE,2,Bronx,SCHUY/PELM,SCHUYLERVILLE/PELHAM BAY
2,Bronx,2340,prediction,GROSSCON,12,0.9685,0.8881531647768725,0.8680652680652684,8.711481448277645,1.0131535729573424,-0.07434153811527673,1.0298010913688331,0.16708343152400648,0.14703775745446146,-0.020045674069545022,0.8800259613613163,TRUE,TRUE,TRUE,2,Bronx,VN CORT PK,VAN CORTLANDT PARK
2,Bronx,2360,prediction,GROSSCON,6,,,,,,,,,,,,,,,2,Bronx,WESTCHESTR,WESTCHESTER
2,Bronx,2370,prediction,GROSSCON,6,,,,,,,,,,,,,,,2,Bronx,WLMSBRIDGE,WILLIAMSBRIDGE
2,Bronx,2380,prediction,GROSSCON,42,0.9738,0.7473888113338523,0.7758767350288824,11.905486908940304,1.0277716902998646,-0.22634289442803213,1.2485576188575322,0.1552962169693806,0.10385631179366632,-0.05143990517571427,0.668762664155196,TRUE,TRUE,TRUE,2,Bronx,WOODLAWN,WOODLAWN
3,Brooklyn,3010,prediction,GROSSCON,41,0.9962,0.8658292101864865,0.6852292853187737,8.041939877839162,1.0152782334043793,-0.16754821770985262,1.2101359706958719,0.13104050003004075,0.09482652276647104,-0.036213977263569716,0.7236428641887985,TRUE,TRUE,TRUE,3,Brooklyn,BATH BEACH,BATH BEACH
3,Brooklyn,3020,prediction,GROSSCON,392,1.0054,0.8563966295716795,0.8551899719946701,8.979804706916532,1.0247649056875694,-0.10890424848874243,1.180999570168898,0.19341931002839963,0.15172767191728018,-0.04169163811111945,0.7844494528235164,TRUE,TRUE,TRUE,3,Brooklyn,BAY RIDGE,BAY RIDGE
3,Brooklyn,3040,prediction,GROSSCON,15,0.9805,0.9445614075994259,0.9716326530612241,6.078821317719912,1.0125997011525183,-0.14099706633581882,1.2819138234010188,0.13906131967024676,0.11049817687593162,-0.02856314279431514,0.7946003758482493,TRUE,TRUE,TRUE,3,Brooklyn,BENSONHRST,BENSONHURST
3,Brooklyn,3060,prediction,GROSSCON,24,1.0009,0.9414743462436601,0.9510070722198879,7.503875708578063,1.0245764993775395,-0.10866387297703876,1.172652739783818,0.22093388172767625,0.18933676653930043,-0.031597115188375824,0.856983840860939,TRUE,TRUE,TRUE,3,Brooklyn,BOERUM HIL,BOERUM HILL
3,Brooklyn,3070,prediction,GROSSCON,28,1.0026,0.8840035779270207,0.8289374514887189,9.979552437941898,1.0230897076146144,-0.1784529907493527,1.280927606632566,0.16711470750626795,0.13395242827582368,-0.033162279230444264,0.8015597805525259,TRUE,TRUE,TRUE,3,Brooklyn,BOROUGH PK,BOROUGH PARK
3,Brooklyn,3080,prediction,GROSSCON,134,0.9817,0.8281294524457637,0.8648905463992563,10.808890311384427,1.027144368713482,-0.09381775191232967,1.1354113439514606,0.21465980011908892,0.17646678388491602,-0.0381930162341729,0.8220765312695522,TRUE,TRUE,TRUE,3,Brooklyn,BRIGHTON,BRIGHTON BEACH
3,Brooklyn,3090,prediction,GROSSCON,285,1.0021,0.9485861323901889,0.9310177559047839,10.940087481303612,1.039160091083164,-0.0661375282242826,1.1043926960062902,0.3344813291688165,0.30102251132199054,-0.03345881784682597,0.8999680552275642,TRUE,TRUE,FALSE,3,Brooklyn,BKLYN HTS,BROOKLYN HEIGHTS
3,Brooklyn,3140,prediction,GROSSCON,29,0.9933,0.9795003053078416,0.9679903686632028,6.702190912270946,1.0249016094735606,-0.10338825258824676,1.1583231711070605,0.23048343253156978,0.19998132843447977,-0.030502104097090005,0.8676603183054727,TRUE,TRUE,TRUE,3,Brooklyn,CARLL GRDN,CARROLL GARDENS
3,Brooklyn,3150,prediction,GROSSCON,210,0.9815,0.8745498342629736,0.7743247599271248,10.135010722953504,1.0262999141737528,-0.13174425325899145,1.1334297081700557,0.18276248478622853,0.14954055923493598,-0.03322192555129255,0.8182234959753848,TRUE,TRUE,TRUE,3,Brooklyn,CLINTON HL,CLINTON HILL
3,Brooklyn,3160,prediction,GROSSCON,24,1.0011,0.9708831250785748,0.9753656599277569,6.3805037072862225,1.0281771334043592,-0.058937151403050794,1.0840518768979777,0.30032213482917697,0.2820266261702546,-0.018295508658922377,0.9390803855688864,TRUE,TRUE,TRUE,3,Brooklyn,COBBLE HL,COBBLE HILL
3,Brooklyn,3170,prediction,GROSSCON,89,1.0091,0.8639300161689497,0.8153494302608186,5.292356628695655,1.0058539770891182,-0.0504208245030113,1.0615597679320672,0.1155085850105433,0.09780502633539963,-0.01770355867514367,0.8467338278490059,TRUE,TRUE,TRUE,3,Brooklyn,CONEY ISL,CONEY ISLAND
3,Brooklyn,3180,prediction,GROSSCON,30,0.9599,0.8168245843357058,0.8853701140765691,15.337312851377774,1.0526669146273662,-0.14602649287947822,1.166486620787405,0.23785146826859058,0.19061058092442237,-0.0472408873441682,0.8013849244318221,TRUE,FALSE,FALSE,3,Brooklyn,CROWN HTS,CROWN HEIGHTS
3,Brooklyn,3190,prediction,GROSSCON,1,,,,,,,,,,,,,,,3,Brooklyn,CYPRSS HLS,CYPRESS HILLS
3,Brooklyn,3200,prediction,GROSSCON,43,1.031,0.7436142812471003,0.7952782050662709,11.355943039664258,1.0270439788892907,-0.10102276776150443,1.207390663187921,0.19157609476506574,0.14809368156272443,-0.04348241320234131,0.7730279800532274,TRUE,TRUE,TRUE,3,Brooklyn,DTN-MALL,DOWNTOWN-FULTON MALL
3,Brooklyn,3201,prediction,GROSSCON,75,1.0214,0.7664871227615628,0.7812495496696663,11.988923570991886,1.033251221986578,-0.08924209172993729,1.157258894170429,0.2283569030577043,0.18162061867877108,-0.046736284378933235,0.7953366692526773,TRUE,TRUE,FALSE,3,Brooklyn,DTN-TECH,DOWNTOWN-METROTECH
3,Brooklyn,3202,prediction,GROSSCON,5,,,,,,,,,,,,,,,3,Brooklyn,DTN-FERRY,DOWNTOWN-FULTON FERRY
3,Brooklyn,3210,prediction,GROSSCON,1,,,,,,,,,,,,,,,3,Brooklyn,DYKER HTS,DYKER HEIGHTS
3,Brooklyn,3230,prediction,GROSSCON,168,0.9973,0.8818539381408221,0.8579653135459543,9.56419681839011,1.027356707507128,-0.13141146393871575,1.205593846614129,0.19586428397623631,0.15747910949970018,-0.03838517447653614,0.8040215719921999,TRUE,TRUE,TRUE,3,Brooklyn,FLATB-CTRL,FLATBUSH-CENTRAL
3,Brooklyn,3231,prediction,GROSSCON,89,0.9871,0.8670625136507587,0.7810932816496222,9.860529277811137,1.0231359473058212,-0.09765013883455723,1.1811970856479532,0.1923668968783922,0.1523873600789055,-0.03997953679948671,0.7921703918488615,TRUE,TRUE,TRUE,3,Brooklyn,FLATB-EAST,FLATBUSH-EAST
3,Brooklyn,3232,prediction,GROSSCON,32,0.998,0.9036034291435661,0.8743998712302476,14.316930254586149,1.0421781762985465,-0.08931955131541564,1.1645382706719958,0.29426570947440145,0.25590246074714496,-0.038363248727256494,0.869630583883598,TRUE,TRUE,FALSE,3,Brooklyn,FLATB-LEGA,FLATBUSH-LEFFERTS GARDEN
3,Brooklyn,3233,prediction,GROSSCON,22,1.0003,0.6852671068959759,0.5598541101774759,18.805729258179454,1.0575030587605634,-0.20499265909243763,1.2588657792264817,0.21119570085087327,0.1311798811330314,-0.08001581971784189,0.6211295050255705,TRUE,FALSE,FALSE,3,Brooklyn,FLATB-NRTH,FLATBUSH-NORTH
3,Brooklyn,3240,prediction,GROSSCON,42,1.0086,0.8938963280518629,0.8289355655959886,5.396502155583717,1.0060033898203942,-0.05906672460931022,1.0847420622089547,0.12135882858944161,0.10556371932995187,-0.015795109259489737,0.8698478763920441,TRUE,TRUE,TRUE,3,Brooklyn,FLATLANDS,FLATLANDS
3,Brooklyn,3250,prediction,GROSSCON,91,1.0137,0.896833741373441,0.8234319698821324,9.199801982379226,1.0297663650485167,-0.0980262557676801,1.1003540575659507,0.22262768307474723,0.17805175038234974,-0.044575932692397485,0.7997736306790242,TRUE,TRUE,TRUE,3,Brooklyn,FT GREENE,FORT GREENE
3,Brooklyn,3270,prediction,GROSSCON,3,,,,,,,,,,,,,,,3,Brooklyn,GOWANUS,GOWANUS
3,Brooklyn,3280,prediction,GROSSCON,44,1.0055,0.8767612836324415,0.7626098899347196,5.431378914742973,1.0080400995182035,-0.10268957405520332,1.1631723723595502,0.11465103940863228,0.092353984873972,-0.02229705453466027,0.8055224387875765,TRUE,TRUE,TRUE,3,Brooklyn,GRAVESEND,GRAVESEND
3,Brooklyn,3290,prediction,GROSSCON,9,0.9786,0.9289165262806984,0.8017507002801121,10.795273075647478,1.0471240079630333,-0.22666671026849028,1.2445182561948334,0.20271423646280992,0.16811616038250657,-0.03459807608030335,0.8293258693419358,TRUE,TRUE,FALSE,3,Brooklyn,GREENPOINT,GREENPOINT
3,Brooklyn,3320,prediction,GROSSCON,74,0.9985,0.9172669167234752,0.8928427810253017,10.837209883969132,1.032794529483333,-0.12123840265920674,1.1384010108017375,0.22861173099889934,0.1960783081774257,-0.032533422821473645,0.8576913674581718,TRUE,TRUE,FALSE,3,Brooklyn,KENSINGTON,KENSINGTON
3,Brooklyn,3330,prediction,GROSSCON,99,0.9819,0.8464327243375641,0.7919336125552541,11.430961272222378,1.0292562091577666,-0.17322235351500706,1.2438822521059825,0.18294502172476573,0.13329847645608434,-0.0496465452686814,0.7286258745899473,TRUE,TRUE,TRUE,3,Brooklyn,MADISON,MADISON
3,Brooklyn,3340,prediction,GROSSCON,4,,,,,,,,,,,,,,,3,Brooklyn,MANHTN BCH,MANHATTAN BEACH
3,Brooklyn,3350,prediction,GROSSCON,54,0.9949,0.8095173685423882,0.7605083906913956,6.597531254279384,1.0083305164827,-0.14838295749670402,1.2461831249179418,0.10046345764023548,0.0751607838306084,-0.025302673809627085,0.7481405238884253,TRUE,TRUE,TRUE,3,Brooklyn,MARINE PRK,MARINE PARK
3,Brooklyn,3360,prediction,GROSSCON,118,0.9832,0.8405135507507718,0.8353856671658837,12.904300019293451,1.0336270133276806,-0.11444115193796554,1.1701444416785765,0.2198540268775704,0.17406004937734684,-0.04579397750022357,0.7917073516887423,TRUE,TRUE,FALSE,3,Brooklyn,MIDWOOD,MIDWOOD
3,Brooklyn,3400,prediction,GROSSCON,240,0.9987,0.9194599604809133,0.8880688870696524,9.31747267926755,1.0248151369103473,-0.10067634918869485,1.1607001183638748,0.2161631885902435,0.1808343670095186,-0.035328821580724895,0.8365641170861251,TRUE,TRUE,TRUE,3,Brooklyn,OCEAN PY-N,OCEAN PARKWAY-NORTH
3,Brooklyn,3401,prediction,GROSSCON,95,1.0093,0.6935670750761368,0.803821711810303,8.493778514686795,1.0229448684288995,-0.16993179747973958,1.2137179897109356,0.15497042068951877,0.11096686982414272,-0.04400355086537605,0.716051936430265,TRUE,TRUE,TRUE,3,Brooklyn,OCEAN PY-S,OCEAN PARKWAY-SOUTH
3,Brooklyn,3410,prediction,GROSSCON,23,0.9779,0.5054110984668521,0.4016096194346204,9.873361661872462,1.017624357148888,-0.38033854650466203,1.5638034151381799,0.09765527950310564,0.04189024621930315,-0.05576503328380249,0.4289603842460044,TRUE,TRUE,TRUE,3,Brooklyn,OLD ML BSN,OLD MILL BASIN
3,Brooklyn,3420,prediction,GROSSCON,400,0.9881,0.9447398255243756,0.9456572441207859,9.237000790778755,1.0304226346471432,-0.0816790430108578,1.1449248486294685,0.2589840038356375,0.22645364909345744,-0.03253035474218008,0.8743924170589885,TRUE,TRUE,FALSE,3,Brooklyn,PARK SLOPE,PARK SLOPE
3,Brooklyn,3430,prediction,GROSSCON,16,1.0188,0.929983471608393,0.9620749564572347,7.284707126343169,1.0192959007735622,-0.05369323836516307,1.1498677652449283,0.212618884888087,0.18172776656856415,-0.030891118319522848,0.8547113143981423,TRUE,TRUE,TRUE,3,Brooklyn,PK SLOPE S,PARK SLOPE SOUTH
3,Brooklyn,3440,prediction,GROSSCON,155,1.0054,0.9260557856332858,0.9278203718365334,10.037706573612635,1.025583835831117,-0.06882154553430131,1.0962810413216577,0.27337076108023534,0.2501038664862,-0.02326689459403536,0.914888869233508,TRUE,TRUE,TRUE,3,Brooklyn,PRSPCT HTS,PROSPECT HEIGHTS
3,Brooklyn,3480,prediction,GROSSCON,242,1.0006,0.7730096751646319,0.8205358019655639,8.312448761707625,1.018539389110279,-0.1588247026252903,1.2623313763444528,0.1419669678559783,0.10071971213171356,-0.04124725572426473,0.7094587822280675,TRUE,TRUE,TRUE,3,Brooklyn,SHEEPSHEAD,SHEEPSHEAD BAY
3,Brooklyn,3500,prediction,GROSSCON,52,0.9963,0.6063464265767854,0.6067810881510164,11.591428051613137,1.0399852986099782,-0.3411082603923387,1.3679594296038984,0.14124221677899293,0.07435767121312932,-0.06688454556586361,0.5264549998495109,TRUE,TRUE,FALSE,3,Brooklyn,SUNSET PRK,SUNSET PARK
3,Brooklyn,3512,prediction,GROSSCON,4,,,,,,,,,,,,,,,3,Brooklyn,WBG-NORTH,WILLIAMSBURG-NORTH
3,Brooklyn,3513,prediction,GROSSCON,11,1.0175,0.9032989132899031,0.28542535446205175,3.7320105743988177,1.004607020345749,-0.22827854141947504,1.6095209144951121,0.05581471852769033,0.029377484745286706,-0.026437233782403622,0.5263393871763806,TRUE,FALSE,TRUE,3,Brooklyn,WBG-SOUTH,WILLIAMSBURG-SOUTH
3,Brooklyn,3520,prediction,GROSSCON,76,1.0056,0.8062783344806516,0.8262745449068263,9.897733280897693,1.0259531359990597,-0.17735391120107172,1.209737140910722,0.16691905172431976,0.12316868631190714,-0.04375036541241262,0.737894716268399,TRUE,TRUE,TRUE,3,Brooklyn,WINDSOR TR,WINDSOR TERRACE
4,Queens,4040,prediction,GROSSCON,127,1.0032,0.7218550091218988,0.6169077794445845,10.175177816197955,1.0205525463491898,-0.18919381321209758,1.3393305375583926,0.13274756124809683,0.08154051006645129,-0.05120705118164555,0.6142524148828408,TRUE,TRUE,TRUE,4,Queens,ASTORIA,ASTORIA
4,Queens,4050,prediction,GROSSCON,337,0.9977,0.8251391567815168,0.844808306919442,9.179535029212463,1.018763723233614,-0.10743796292604058,1.1633823452599636,0.17040089602440955,0.13900424153974672,-0.031396654484662834,0.8157483016981006,TRUE,TRUE,TRUE,4,Queens,BAYSIDE,BAYSIDE
4,Queens,4060,prediction,GROSSCON,153,1.0051,0.8221443921677215,0.6810436126380017,7.298324856626868,1.009262237309307,-0.0729616587259622,1.1158370934543618,0.12457424313433084,0.09875830132798002,-0.025815941806350814,0.7927666172652321,TRUE,TRUE,TRUE,4,Queens,BEECHHURST,BEECHHURST
4,Queens,4070,prediction,GROSSCON,12,0.9739,0.839997113046797,0.8773000049595796,7.911813584019177,1.0170554493592658,-0.17020565765508106,1.32989989438542,0.13941053729786126,0.1019028393212369,-0.03750769797662437,0.7309550719506496,TRUE,TRUE,TRUE,4,Queens,BELLE HRBR,BELLE HARBOR
4,Queens,4100,prediction,GROSSCON,122,0.9959,0.8785989652592545,0.8488654849205799,7.6866914541908,1.0153147106639815,-0.11697606930332997,1.183668373402818,0.15140350297766422,0.11929100545479425,-0.03211249752286997,0.787901224929998,TRUE,TRUE,TRUE,4,Queens,BRIARWOOD,BRIARWOOD
4,Queens,4140,prediction,GROSSCON,104,1.0202,0.7380127801965737,0.7143393950966552,11.244487080578379,1.0254900830222886,-0.15462085141348605,1.3011864989973654,0.16345066505560363,0.11358705039596291,-0.04986361465964072,0.6949317113963542,TRUE,TRUE,TRUE,4,Queens,CORONA,CORONA
4,Queens,4150,prediction,GROSSCON,44,0.9867,0.8990122084965355,0.7569380362438266,9.913965870101972,1.02957604435305,-0.12637319440359435,1.1863638053656644,0.19342143781221371,0.14307475554254412,-0.050346682269669596,0.7397047460760298,TRUE,TRUE,TRUE,4,Queens,DOUGLASTON,DOUGLASTON
4,Queens,4160,prediction,GROSSCON,5,,,,,,,,,,,,,,,4,Queens,E ELMHURST,EAST ELMHURST
4,Queens,4170,prediction,GROSSCON,187,0.9978,0.8408769997958271,0.7752147861284624,9.109884591921858,1.020766254687982,-0.1775422884381045,1.2323320947758565,0.14970391584754295,0.10814904935815994,-0.041554866489383,0.7224196424380637,TRUE,TRUE,TRUE,4,Queens,ELMHURST,ELMHURST
4,Queens,4180,prediction,GROSSCON,8,1.0382,0.9457705833545387,0.9529478458049888,8.871243728658321,1.0327928280593033,-0.07133639346805241,1.1685711614762757,0.2568885910038725,0.2141022273350579,-0.04278636366881461,0.8334438929280062,TRUE,TRUE,FALSE,4,Queens,FAR ROCKWY,FAR ROCKAWAY
4,Queens,4190,prediction,GROSSCON,31,0.991,0.4478346162714448,0.4417539550675434,11.791248829254597,1.02571212707571,-0.5174596210210713,1.5970665532943655,0.10569942093980127,0.042736135446838325,-0.06296328549296294,0.404317592914513,TRUE,TRUE,TRUE,4,Queens,FLORAL PK,FLORAL PARK
4,Queens,4210,prediction,GROSSCON,614,0.9952,0.8366415506902006,0.8227303216204468,7.06744497725423,1.0117402914650353,-0.11449247543988077,1.1681145799118693,0.13049638041981626,0.10312932007361457,-0.02736706034620169,0.7902849086069677,TRUE,TRUE,TRUE,4,Queens,FLUSHING-N,FLUSHING-NORTH
4,Queens,4211,prediction,GROSSCON,143,0.9899,0.7891218066838921,0.789521923637937,8.791971543862216,1.0154972676906302,-0.17212027869656124,1.2991837599680476,0.12859392159182703,0.0915965464101122,-0.03699737518171484,0.7122929705872952,TRUE,TRUE,TRUE,4,Queens,FLUSHING-S,FLUSHING-SOUTH
4,Queens,4220,prediction,GROSSCON,753,0.9972,0.8895362375746896,0.8587387992112324,9.941890609363032,1.0252996108399142,-0.07610461103944546,1.1399659089444014,0.22904306691315035,0.19385860124698776,-0.035184465666162595,0.846384934762055,TRUE,TRUE,TRUE,4,Queens,FOREST HLS,FOREST HILLS
4,Queens,4230,prediction,GROSSCON,12,0.981,0.757585991520999,0.5245269436445906,5.874623643660015,1.007351529659741,-0.2945981812230697,1.4159375913725405,0.0739461565710237,0.0414519307966712,-0.0324942257743525,0.5605691048574987,TRUE,TRUE,TRUE,4,Queens,FRESH MDWS,FRESH MEADOWS
4,Queens,4240,prediction,GROSSCON,231,0.9957,0.829641758038107,0.8403136673026184,13.346037278303674,1.03097917927518,-0.052598203203098236,1.0995558990660503,0.26153217184031197,0.2243394455259052,-0.03719272631440676,0.8577890970250646,TRUE,TRUE,FALSE,4,Queens,GLEN OAKS,GLEN OAKS
4,Queens,4250,prediction,GROSSCON,62,0.9948,0.7947129844642784,0.6624153580552189,11.119229989139466,1.0201439447382645,-0.12241514618210177,1.170164076654697,0.16207530751074567,0.12191580752705942,-0.040159499983686245,0.7522170366326552,TRUE,TRUE,TRUE,4,Queens,GLENDALE,GLENDALE
4,Queens,4270,prediction,GROSSCON,28,1.0092,0.554798806342401,0.5698441362263116,7.461452847761284,1.0137212474413069,-0.24170575044218878,1.3105650503768527,0.09934542329024611,0.05836613230531919,-0.04097929098492692,0.5875070070897737,TRUE,TRUE,TRUE,4,Queens,HILLCREST,HILLCREST
4,Queens,4280,prediction,GROSSCON,6,,,,,,,,,,,,,,,4,Queens,HOLLIS,HOLLIS
4,Queens,4290,prediction,GROSSCON,23,1.0018,0.6703635740910963,0.506727090573704,10.31183978730069,1.0169654244019892,-0.13444793668780788,1.2079350031977965,0.12517436617409225,0.07956045938981605,-0.045613906784276195,0.6355970620946747,TRUE,TRUE,TRUE,4,Queens,HOLLIS HLS,HOLLIS HILLS
4,Queens,4300,prediction,GROSSCON,60,1,0.7930836935138327,0.7626872322046423,5.478481353833097,1.007065361356379,-0.20254751272247212,1.313749788190879,0.08445916114790299,0.05695074036711721,-0.027508420780785775,0.6742991475772102,TRUE,TRUE,TRUE,4,Queens,HOLLISWOOD,HOLLISWOOD
4,Queens,4310,prediction,GROSSCON,153,0.9936,0.8347481198189874,0.7448860684093235,8.177678703139616,1.0121257891613502,-0.09213472378188932,1.1605967611323311,0.13510476616877823,0.10475398886698355,-0.030350777301794682,0.7753537631390496,TRUE,TRUE,TRUE,4,Queens,HOWARD BCH,HOWARD BEACH
4,Queens,4320,prediction,GROSSCON,623,0.9951,0.9377181053719533,0.8882542692920886,9.257021246159264,1.0278684964166969,-0.08744643797277943,1.1537431901681572,0.2450470367844199,0.20766801482022107,-0.037379021964198844,0.847461848734441,TRUE,TRUE,TRUE,4,Queens,JACKSON HT,JACKSON HEIGHTS
4,Queens,4330,prediction,GROSSCON,115,1.0198,0.9091113716752962,0.8568386046689153,9.00768698961202,1.021144146866948,-0.08388428626567725,1.1429252503115968,0.20010368452815575,0.16540949411297684,-0.034694190415178905,0.8266189325949307,TRUE,TRUE,TRUE,4,Queens,JAMAICA,JAMAICA
4,Queens,4350,prediction,GROSSCON,17,0.991,0.8852366144280787,0.8674548250672821,7.887294546999341,1.0142918152813944,-0.13013481305923918,1.182199491783197,0.14488104784816885,0.11110979866485259,-0.03377124918331627,0.7669036103417228,TRUE,TRUE,TRUE,4,Queens,JAMAICA ES,JAMAICA ESTATES
4,Queens,4360,prediction,GROSSCON,18,1.0083,0.9242190258568282,0.8565604526185074,7.614487419802389,1.013773594089727,-0.08365880121366637,1.0901311901926407,0.16899915182357933,0.14717695795399777,-0.021822193869581563,0.8708739444304309,TRUE,TRUE,TRUE,4,Queens,JAMAICA HL,JAMAICA HILLS
4,Queens,4370,prediction,GROSSCON,210,0.9961,0.86242477476542,0.7867023782794879,9.195404331961187,1.0193573375530425,-0.11917729619574642,1.197493701462555,0.16667820162852656,0.12664286520594129,-0.04003533642258528,0.7598046053327868,TRUE,TRUE,TRUE,4,Queens,KEW GARDEN,KEW GARDENS
4,Queens,4380,prediction,GROSSCON,1,,,,,,,,,,,,,,,4,Queens,LAURELTON,LAURELTON
4,Queens,4390,prediction,GROSSCON,143,0.9807,0.7499808976840644,0.673997884865522,11.240391195895784,1.0175949581159005,-0.1210929824140479,1.2170300305380966,0.14516682783811452,0.1088715248146596,-0.03629530302345492,0.7499752280601578,TRUE,TRUE,TRUE,4,Queens,LITTLE NCK,LITTLE NECK
4,Queens,4400,prediction,GROSSCON,8,0.9848,0.938417783855613,0.4182444061962136,5.157401649450964,1.0079812580880525,-0.16665557674553672,1.374200186476581,0.09264435595037535,0.061126968018927474,-0.03151738793144787,0.6598023958596025,TRUE,TRUE,TRUE,4,Queens,L I CITY,LONG ISLAND CITY
4,Queens,4410,prediction,GROSSCON,16,0.9707,0.7213629464141604,0.46035800596967963,8.056975946212471,1.0125862608192797,-0.19989402078930169,1.0731355914843443,0.10435896252538313,0.07144076086322615,-0.032918201662156976,0.6845675650124414,TRUE,TRUE,TRUE,4,Queens,MASPETH,MASPETH
4,Queens,4420,prediction,GROSSCON,8,1.0042,0.8514709381899802,0.8951520367183021,5.972016202323043,1.0123631278888496,-0.15746537043149134,1.2443738008528975,0.11062525130679535,0.0967158866683624,-0.013909364638432953,0.8742659160171459,TRUE,TRUE,TRUE,4,Queens,MIDDLE VIL,MIDDLE VILLAGE
4,Queens,4440,prediction,GROSSCON,376,1.0057,0.8318675070732785,0.7631907440589868,6.395813647482787,1.008893795668958,-0.10492707188798289,1.1277486743316605,0.11312663794891045,0.089247349169961,-0.02387928877894946,0.7889154207010582,TRUE,TRUE,TRUE,4,Queens,OAKLND GDN,OAKLAND GARDENS
4,Queens,4460,prediction,GROSSCON,55,1.0134,0.595132331926794,0.5717737993543768,8.890968272217448,1.0148869800651534,-0.27945029156623946,1.440014470275472,0.09971169205118907,0.047480806413690214,-0.05223088563749886,0.4761809316134657,TRUE,TRUE,TRUE,4,Queens,QUEENS VIL,QUEENS VILLAGE
4,Queens,4470,prediction,GROSSCON,423,1.0005,0.8883180620795051,0.8371823843521149,7.978811288642971,1.0157694242564659,-0.09074188521682953,1.1562182659625082,0.17091105349208094,0.14052379793865322,-0.030387255553427722,0.8222042698084726,TRUE,TRUE,TRUE,4,Queens,REGO PARK,REGO PARK
4,Queens,4480,prediction,GROSSCON,9,1.0095,0.7170487889151257,0.06569098227526306,8.438847300939836,1.0161129242114586,-0.24136924842932644,1.296249486923902,0.10316361585397121,0.050289740598754226,-0.05287387525521699,0.4874755521359361,TRUE,TRUE,TRUE,4,Queens,RICHMND HL,RICHMOND HILL
4,Queens,4500,prediction,GROSSCON,31,0.9936,0.9178686269454156,0.7151868997942332,7.394864837113079,1.0160711377344953,-0.11171182855529102,1.2557288412658134,0.1590155848073608,0.12272656107515192,-0.03628902373220888,0.7717895149952052,TRUE,TRUE,TRUE,4,Queens,ROCKAWY PK,ROCKAWAY PARK
4,Queens,4560,prediction,GROSSCON,146,1.0072,0.9110931231917574,0.8815962377126988,6.464559451580727,1.0145569763477538,-0.11432991730280377,1.1980743103180154,0.14976769566553388,0.1197480888418197,-0.030019606823714184,0.7995588655463128,TRUE,TRUE,TRUE,4,Queens,SUNNYSIDE,SUNNYSIDE
4,Queens,4570,prediction,GROSSCON,6,,,,,,,,,,,,,,,4,Queens,WHITESTONE,WHITESTONE
4,Queens,4590,prediction,GROSSCON,198,0.9996,0.8516382740478181,0.858777080427946,9.078453389209557,1.0218847484660791,-0.10524198000153182,1.166818218723114,0.18637624172203707,0.1528721199872837,-0.03350412173475337,0.8202339449213615,TRUE,TRUE,TRUE,4,Queens,WOODSIDE,WOODSIDE
5,Staten Island,5031,prediction,GROSSCON,10,0.983,0.4306131706228556,0.349841978062837,13.022733914886468,1.0285289097767252,-0.4142460464287439,1.9219350135114879,0.11913805697589482,0.03851614832587025,-0.08062190865002457,0.3232900494059863,TRUE,TRUE,TRUE,5,Staten Island,ARROC-SHOR,ARROCHAR-SHORE ACRES
5,Staten Island,5070,prediction,GROSSCON,27,1.0201,0.8507195706352048,0.8044286007577593,10.286066333705943,1.018979347831921,-0.08041500883990742,1.0315812878770463,0.18317891017232338,0.15932621389707224,-0.023852696275251134,0.8697847025467507,TRUE,TRUE,TRUE,5,Staten Island,CLOVE LAKE,CLOVE LAKES
5,Staten Island,5130,prediction,GROSSCON,11,1.0026,0.8348297725363973,0.47105592379614586,6.130286274588853,1.0091376541033432,-0.14682385237077333,1.3063058933379543,0.0946838628499528,0.06913070448211461,-0.025553158367838183,0.7301212941815363,TRUE,TRUE,TRUE,5,Staten Island,GRANT CITY,GRANT CITY
5,Staten Island,5150,prediction,GROSSCON,12,0.9895,0.7782728534938069,0.7971603278268666,6.23805063106712,1.0076750492207747,-0.22441246554324432,1.3345351617692476,0.08082917949035522,0.0490653808560646,-0.031763798634290616,0.6070255960215362,TRUE,TRUE,TRUE,5,Staten Island,GREAT KILL,GREAT KILLS
5,Staten Island,5151,prediction,GROSSCON,14,0.9895,0.7602201756466884,0.5616752270866634,7.050638107922419,1.0118758774289789,-0.196832757051849,1.2086396772217332,0.10661303576834921,0.07203091567649851,-0.0345821200918507,0.6756295340187913,TRUE,TRUE,TRUE,5,Staten Island,GRT K-BTER,GREAT KILLS-BAY TERRACE
5,Staten Island,5160,prediction,GROSSCON,12,0.9994,0.5982910430110566,0.3020282300725105,7.34782447243165,1.0100609867850643,-0.34177982618949887,1.8578588112266294,0.0798673004555357,0.038346350728205504,-0.04152094972733019,0.48012579002283873,TRUE,TRUE,TRUE,5,Staten Island,GRYMES HIL,GRYMES HILL
5,Staten Island,5190,prediction,GROSSCON,7,,,,,,,,,,,,,,,5,Staten Island,LIVINGSTON,LIVINGSTON
5,Staten Island,5230,prediction,GROSSCON,22,0.9681,0.8115430031530018,0.8430926167338991,8.552704754563608,1.0124586907336206,-0.13447001251364255,1.2053906304385076,0.12907150988546334,0.10844369309946038,-0.020627816786002964,0.8401830364864573,TRUE,TRUE,TRUE,5,Staten Island,NEW BRIGHT,NEW BRIGHTON
5,Staten Island,5231,prediction,GROSSCON,34,0.9791,0.9185638224044479,0.9049924026470851,9.415677661114593,1.0158295691292252,-0.043634637680500174,1.1012503087681964,0.2178031361310443,0.19746132725627252,-0.020341808874771772,0.9066046098503704,TRUE,TRUE,TRUE,5,Staten Island,NEWBR-ST.G,NEW BRIGHTON-ST. GEORGE
5,Staten Island,5320,prediction,GROSSCON,20,0.9912,0.8799364682522314,0.5176991371507162,6.521052530259282,1.0099677642435883,-0.10417215932347863,1.2396653820869272,0.13432760925057252,0.1124706367036115,-0.02185697254696102,0.837286074926046,TRUE,TRUE,TRUE,5,Staten Island,ROSEBANK,ROSEBANK
5,Staten Island,5420,prediction,GROSSCON,3,,,,,,,,,,,,,,,5,Staten Island,W NEW BRIG,WEST NEW BRIGHTON
