boro,decile,n,ci_new,ci_population,ci_sample,ci_model,ci_assessr,ci_rineq,gini_new,gini_population,gini_sample,gini_model,gini_assessr,gini_DescTools,ki_new,ki_population,ki_sample,ki_model,ki_assessr,mki_new,mki_population,mki_sample,mki_model,mki_assessr
1,1,995,0.07098394076222969,0.07027786450381594,0.07020723348421412,0.07027786450381583,0.07025349619426476,0.07025349619426724,0.08022168432772835,0.07954304844878583,0.07946310568652575,0.07954304844878587,0.07946310568652588,0.07954304844878933,-0.009237743565498654,-0.00926518394496989,-0.009255872202311624,-0.009265183944969927,-0.009209609492261128,0.8848472997929108,0.8835198785355163,0.8835198785355163,0.8835198785355192,0.8841020695995431
1,2,994,0.03411440401659976,0.034266848710884514,0.034232375020028495,0.03426684871088425,0.03429820469035445,0.03429820469035597,0.037508322132106225,0.03774587628259525,0.03770790256400109,0.03774587628259493,0.037707902564001174,0.03774587628259384,-0.003393918115506468,-0.003479027571710737,-0.0034755275439725952,-0.003479027571710762,-0.0034096978736467207,0.9095155975371835,0.9078302608299776,0.9078302608299778,0.9078302608299811,0.909576039986327
1,3,994,0.022022515389519583,0.02203630632868967,0.02201413700642741,0.022036306328689602,0.02169839348420604,0.021698393484206085,0.02910678992933712,0.029199092119839575,0.029169716775654626,0.029199092119839464,0.02916971677565456,0.029199092119838208,-0.007084274539817536,-0.007162785791149904,-0.007155579769227215,-0.007162785791149807,-0.00747132329144852,0.7566109297172203,0.7546914896616568,0.7546914896616568,0.7546914896616527,0.743867129430472
1,4,994,0.020990650557714596,0.020760671190018065,0.020739785202905373,0.020760671190017968,0.020496667168535286,0.020496667168534814,0.025285146564705947,0.02533998603003753,0.02531449308634534,0.02533998603003733,0.02531449308634526,0.025339986030036267,-0.00429449600699135,-0.004579314840019465,-0.004574707883439968,-0.004579314840019356,-0.004817825917809975,0.8301573615165124,0.8192850290212775,0.8192850290212775,0.8192850290212768,0.8096811221391302
1,5,994,0.021595002625920522,0.02146583006274104,0.021444234660263434,0.021465830062741102,0.021450555027389608,0.021450555027388445,0.02602244846529943,0.02606183163244631,0.026035612485934796,0.02606183163244628,0.02603561248593481,0.026061831632445288,-0.004427445839378909,-0.004596001569705271,-0.004591377825671362,-0.004596001569705343,-0.004585057458545202,0.8298605204163303,0.8236500935727262,0.8236500935727262,0.8236500935727209,0.823892852107006
1,6,994,0.024624002420091187,0.02447943672433121,0.024454809524407338,0.02447943672433107,0.024509190036357226,0.024509190036359277,0.030750559548899478,0.030907854924173545,0.030876760502720656,0.030907854924173483,0.030876760502720594,0.03090785492417209,-0.006126557128808292,-0.006428418199842335,-0.006421950978313318,-0.006428418199842262,-0.0063675704663633675,0.8007659951986937,0.7920134472090277,0.7920134472090277,0.792013447209035,0.7937746589120865
1,7,994,0.03929609092091436,0.038923218201367744,0.03888406003416315,0.03892321820136777,0.03874565617875749,0.03874565617875794,0.048208459546280905,0.04786551679544622,0.047817362351990036,0.04786551679544646,0.04781736235199019,0.04786551679544433,-0.008912368625366547,-0.008942298594078475,-0.008933302317826887,-0.008942298594078604,-0.009071706173232698,0.8151285332647784,0.8131786891115481,0.8131786891115481,0.8131786891115441,0.8102842623050887
1,8,994,0.044729965812081315,0.04470382450992174,0.04465885084341276,0.04470382450992177,0.04477728574125906,0.04477728574125747,0.05154614192482465,0.05183622866234056,0.05178407953893781,0.05183622866234084,0.05178407953893787,0.05183622866233869,-0.006816176112743336,-0.0071324041524188225,-0.007125228695525045,-0.007132404152418979,-0.007006793797678809,0.8677655425175349,0.8624050333815938,0.8624050333815937,0.8624050333815857,0.8646921242964218
1,9,994,0.056722363057375755,0.0569981495982668,0.05694080739545165,0.056998149598266795,0.056913437730334866,0.056913437730331334,0.0660708236541128,0.06632863848322314,0.06626190947066457,0.0663286384832229,0.06626190947066454,0.0663286384832199,-0.009348460596737052,-0.009330488884956335,-0.009321102075212924,-0.009330488884956264,-0.009348471740329677,0.8585084901366274,0.8593294073522051,0.859329407352205,0.8593294073522021,0.8589163545842513
1,10,994,0.2514327532777837,0.25307909547553314,0.2528244887396423,0.25307909547553226,0.2527732842188953,0.2527732842188869,0.24639121135834877,0.24800015875858197,0.24775066161697376,0.24800015875858164,0.2477506616169736,0.24800015875856926,0.005041541919434928,0.005078936716951171,0.005073827122668545,0.005078936716951127,0.0050226226019216835,1.0204615330702789,1.0204795704259824,1.0204795704259824,1.0204795704259864,1.020272892791248
2,1,139,0.0592802916227311,0.05753479961668353,0.057120880194980773,0.057534799616683605,0.057031499907406184,0.05703149990740592,0.08813008712657067,0.08580511950317225,0.08518781648516383,0.0858051195031723,0.08518781648516392,0.08580511950317198,-0.028849795503839565,-0.028270319886488725,-0.028066936290183052,-0.02827031988648872,-0.028156316577757738,0.6726453309593798,0.6705287510794323,0.6705287510794323,0.670528751079433,0.6694795366346622
2,2,139,0.014081152529522478,0.014223551592841381,0.014121223883540365,0.014223551592841378,0.013814054359460747,0.013814054359461491,0.02781128248886507,0.027013016287594612,0.026818678040921272,0.0270130162875947,0.026818678040921206,0.02701301628759442,-0.013730129959342592,-0.012789464694753231,-0.012697454157380907,-0.012789464694753205,-0.013004623681460459,0.5063107943749164,0.5265443681449734,0.5265443681449734,0.5265443681449744,0.5150908012088669
2,3,139,0.030229457266217296,0.029123524406403496,0.028914002648084046,0.029123524406403523,0.028897346248310002,0.028897346248310054,0.025660775982480302,0.026169388686635504,0.025981119703278415,0.02616938868663545,0.02598111970327844,0.026169388686635424,0.004568681283736994,0.002954135719767992,0.002932882944805631,0.0029541357197679814,0.0029162265450315625,1.1780414312823675,1.1128851634687456,1.1128851634687456,1.112885163468748,1.1122440671663423
2,4,139,0.018914002200360547,0.01758809167692042,0.01746155864327351,0.017588091676920395,0.017374776129025764,0.017374776129025667,0.024162983714545287,0.023689832456724787,0.023519402007395832,0.023689832456724753,0.023519402007395798,0.023689832456724666,-0.00524898151418474,-0.006101740779804368,-0.006057843364122323,-0.006101740779804373,-0.006144625878370034,0.7827676591519187,0.7424320838507121,0.7424320838507121,0.7424320838507129,0.738742257288777
2,5,139,0.026029733737296657,0.025915904378369905,0.025729459023129835,0.02591590437836993,0.025371241663580096,0.025371241663580086,0.022243710196289436,0.021934897474501353,0.021777092456699187,0.02193489747450135,0.021777092456699246,0.02193489747450121,0.003786023541007221,0.003981006903868552,0.003952366566430648,0.003981006903868529,0.0035941492068808506,1.1702064766892524,1.181491931224951,1.181491931224951,1.1814919312249534,1.1650426572797687
2,6,139,0.027309829303874614,0.027367396750273058,0.027170509003868217,0.02736739675027304,0.027073334413403892,0.027073334413403084,0.018946589135678978,0.019024132972995527,0.018887268707002754,0.019024132972995444,0.018887268707002684,0.01902413297299543,0.008363240168195635,0.00834326377727753,0.008283240296865464,0.00834326377727753,0.008186065706401208,1.4414113858861555,1.4385621036775063,1.4385621036775065,1.4385621036775047,1.4334171252281769
2,7,139,0.02673257120079109,0.025616507087933258,0.02543221567003446,0.025616507087933282,0.02647358185228368,0.026473581852282872,0.021929521020976544,0.021032547085653722,0.020881233797267727,0.021032547085653736,0.020881233797267782,0.021032547085653632,0.004803050179814545,0.004583960002279536,0.004550981872766733,0.004583960002279544,0.0055923480550158985,1.2190221197818327,1.2179460235420678,1.2179460235420678,1.2179460235420732,1.2678169359775873
2,8,139,0.01933703531822366,0.01907427758169398,0.01893705256312064,0.01907427758169397,0.018698031143546266,0.01869803114354624,0.02583832592304473,0.02565739689929853,0.025472811310094944,0.025657396899298534,0.025472811310094857,0.025657396899298433,-0.006501290604821068,-0.006583119317604552,-0.0065357587469743045,-0.006583119317604556,-0.006774780166548592,0.7483857652316908,0.7434221661908136,0.7434221661908136,0.7434221661908152,0.7340387723963647
2,9,139,0.05232099659355495,0.05240620787622684,0.052029184797980604,0.052406207876226886,0.05189259516060029,0.05189259516060005,0.048353879945249936,0.048678511788867264,0.04832830666808405,0.04867851178886725,0.04832830666808406,0.04867851178886697,0.0039671166483050135,0.0037276960873595735,0.0037008781298965565,0.00372769608735963,0.003564288492516228,1.0820433986434366,1.0765778564375112,1.0765778564375112,1.076577856437511,1.0737515700062812
2,10,139,0.06868376601012673,0.06979602734453888,0.06929389765141271,0.06979602734453888,0.0691555363600882,0.06915553636008778,0.11157043858813973,0.11319134930334715,0.11237702304936624,0.1131913493033472,0.11237702304936621,0.11319134930334653,-0.042886672578013,-0.04339532195880827,-0.04308312539795353,-0.04339532195880831,-0.04322148668927801,0.615608998936283,0.6166198015494013,0.6166198015494013,0.6166198015494001,0.6153885775182779
3,1,359,0.061613009295407646,0.06105003337953587,0.06087997757625026,0.06105003337953582,0.06083594319359555,0.06083594319359473,0.06942602508879583,0.06857580817349394,0.06838478920922238,0.06857580817349379,0.06838478920922231,0.06857580817349335,-0.007813015793388188,-0.007525774793958072,-0.007504811632972119,-0.007525774793958026,-0.007548846015626755,0.8874627233318435,0.8902561268411424,0.8902561268411423,0.8902561268411427,0.8896122061218736
3,2,359,0.020228761027319377,0.02021047854143259,0.020154181943824144,0.020210478541432462,0.020813362576610078,0.02081336257660996,0.03018609771562166,0.02977250163426408,0.02968956987483716,0.029772501634263922,0.02968956987483719,0.029772501634263794,-0.009957336688302284,-0.009562023092831488,-0.009535387931013016,-0.009562023092831435,-0.008876207298227114,0.6701350143993854,0.6788303781020905,0.6788303781020905,0.6788303781020866,0.7010328093115971
3,3,359,0.017569804568730064,0.017527555335130268,0.017478732061216258,0.01752755533513032,0.017732824862266728,0.017732824862267214,0.027950666379164966,0.02801032771675154,0.027932304519768948,0.028010327716751483,0.02793230451976886,0.02801032771675121,-0.010380861810434901,-0.010482772381621274,-0.01045357245855269,-0.01048277238162127,-0.010199479657502133,0.6286005610881241,0.6257533118631787,0.6257533118631788,0.6257533118631788,0.63485004789764
3,4,359,0.027484044753042242,0.02782579921529588,0.02774829002528113,0.027825799215295835,0.02771600641166164,0.02771600641166047,0.027105566038497314,0.027603781500784075,0.027526890744514483,0.027603781500784012,0.027526890744514424,0.02760378150078378,3.7847871454492824e-4,2.2201771451180533e-4,2.2139928076664664e-4,2.2201771451178952e-4,1.8911566714721606e-4,1.0139631363538908,1.0080430181098738,1.0080430181098738,1.0080430181098736,1.006870215343333
3,5,359,0.02589261646185333,0.02582388409365822,0.0257519512688848,0.025823884093658156,0.025977361708332116,0.025977361708331988,0.027021663420605684,0.027188559122026182,0.027112824974053967,0.02718855912202612,0.02711282497405393,0.02718855912202586,-0.0011290469587523534,-0.0013646750283679634,-0.0013608737051691681,-0.0013646750283679582,-0.0011354632657218124,0.9582169705403337,0.9498070117565589,0.9498070117565589,0.9498070117565603,0.9581208056774455
3,6,359,0.025263919509957426,0.025119638520654478,0.025049667382713938,0.025119638520654547,0.02511718598167819,0.025117185981677434,0.0299962866083325,0.030134984639449736,0.030051043178058512,0.030134984639449768,0.030051043178058526,0.030134984639449296,-0.004732367098375073,-0.005015346118795259,-0.005001375795344574,-0.005015346118795215,-0.004933857196380335,0.8422349019341449,0.8335706429320802,0.8335706429320803,0.8335706429320806,0.8358174401086101
3,7,359,0.03589943867274652,0.036144667476889034,0.036043985951883774,0.03614466747688894,0.03587190754636312,0.0358719075463631,0.030447820025535813,0.030475702828509678,0.03039081229138291,0.030475702828509567,0.03039081229138294,0.03047570282850921,0.0054516186472107035,0.005668964648379356,0.005653173660500863,0.005668964648379334,0.005481095254980185,1.1790479135333356,1.1860158789537776,1.1860158789537778,1.186015878953782,1.1803536938212837
3,8,359,0.02617085023361502,0.02605889457981928,0.02598630712973622,0.02605889457981938,0.026009453051520515,0.02600945305151913,0.03335616650947997,0.03339656309318127,0.03330353645503871,0.03339656309318137,0.03330353645503866,0.033396563093180946,-0.007185316275864953,-0.007337668513361994,-0.007317229325302491,-0.007337668513362036,-0.007294083403518146,0.7845880678817557,0.7802867171424547,0.7802867171424547,0.7802867171424545,0.7809817160599295
3,9,359,0.054488027286321246,0.054651673940000096,0.054499440864958316,0.05465167394000004,0.05438069214734757,0.05438069214734633,0.06100127151314169,0.0611567459623318,0.06098639290951194,0.06115674596233182,0.0609863929095119,0.06115674596233099,-0.006513244226820446,-0.0065050720223317066,-0.006486952044553622,-0.0065050720223317066,-0.006605700762164324,0.8932277300905559,0.8936327968407873,0.8936327968407873,0.8936327968407861,0.8916856622104954
3,10,358,0.13830726145547512,0.13981440470060694,0.13942386167071696,0.13981440470060702,0.139383425552228,0.1393834255522296,0.13540640965839046,0.1369025832979938,0.13652017384744072,0.13690258329799396,0.13652017384744072,0.13690258329799573,0.002900851797084658,0.002911821402613146,0.002903687823276241,0.002911821402613102,0.0028632517047872674,1.0214232974967954,1.021269294796834,1.021269294796834,1.0212692947968303,1.020973103271806
4,1,562,0.08113289090783389,0.07894311045267403,0.07880264228460877,0.0789431104526741,0.07859266559130916,0.07859266559130948,0.0803759806246832,0.078469419862394,0.07832979456014774,0.07846941986239406,0.07832979456014755,0.07846941986239572,7.569102831506969e-4,4.73690590280032e-4,4.728477244610313e-4,4.7369059028018603e-4,2.628710311616128e-4,1.009417120354464,1.0060366266388958,1.0060366266388958,1.0060366266388958,1.003355952005718
4,2,562,0.011924817796043909,0.011690006752942175,0.011669206029182491,0.01169000675294212,0.011697164905661774,0.011697164905660813,0.023625155537406104,0.023672992707493713,0.02363086994466899,0.023672992707493536,0.02363086994466893,0.02367299270749425,-0.011700337741362195,-0.011982985954551538,-0.0119616639154865,-0.011982985954551524,-0.011933705039007154,0.5047508693503899,0.493811952607145,0.493811952607145,0.49381195260715044,0.4949951031447587
4,3,562,0.015887690991698022,0.015244868368391673,0.015217742268092043,0.01524486836839157,0.014999481357019574,0.014999481357019565,0.02020900657661272,0.019833636874750003,0.01979834570593372,0.019833636874749986,0.019798345705933796,0.019833636874750517,-0.004321315584914699,-0.00458876850635833,-0.004580603437841677,-0.004588768506358308,-0.004798864348914222,0.7861688268281516,0.7686370616071809,0.7686370616071809,0.7686370616071965,0.7576128621960598
4,4,562,0.01479060288048297,0.015003396427059765,0.01497669999213617,0.015003396427059813,0.014704634607972599,0.014704634607972267,0.01604749552738105,0.016377349800559014,0.016348208608743073,0.01637734980055904,0.01634820860874313,0.016377349800559392,-0.001256892646898081,-0.0013739533734992496,-0.0013715086166069031,-0.0013739533734992509,-0.0016435740007705296,0.9216767099418406,0.9161064891309612,0.916106489130961,0.91610648913098,0.8994645810984125
4,5,562,0.01322034019892326,0.013339454674087285,0.013315718989613819,0.013339454674087287,0.013637174299116456,0.013637174299115878,0.013952346108334597,0.014088216845213573,0.014063148843709634,0.014088216845213768,0.01406314884370966,0.014088216845213823,-7.32005909411337e-4,-7.487621711262885e-4,-7.474298540958157e-4,-7.487621711262806e-4,-4.259745445932047e-4,0.9475352816130281,0.9468518848515114,0.9468518848515113,0.9468518848515199,0.9697098744152353
4,6,562,0.01153740069465756,0.011366632654651045,0.011346407329642769,0.011366632654651017,0.011296411542221553,0.01129641154222131,0.012336644007555471,0.012750054141581018,0.012727367212503471,0.012750054141580924,0.012727367212503444,0.0127500541415813,-7.992433128979105e-4,-0.001383421486929973,-0.0013809598828607023,-0.0013834214869299553,-0.0014309556702818901,0.9352138788791813,0.8914968147140411,0.8914968147140411,0.8914968147140391,0.8875686034362149
4,7,562,0.010549216983927297,0.010753524290271904,0.010734389905413769,0.010753524290271897,0.010726974411965632,0.010726974411964222,0.014439531004299672,0.014821918370298608,0.014795544850066759,0.014821918370298623,0.014795544850066759,0.014821918370299014,-0.0038903140203723745,-0.0040683940800267035,-0.00406115494465299,-0.004068394080026718,-0.004068570438101127,0.730578921211918,0.7255150124035705,0.7255150124035705,0.7255150124035711,0.7250138146766005
4,8,562,0.020324184794405627,0.02036174886211435,0.020325517992252937,0.020361748862114257,0.02035896541828466,0.02035896541828559,0.019624618014179997,0.019793523701283067,0.019758303908220285,0.019793523701283046,0.019758303908220292,0.019793523701283643,6.995667802256293e-4,5.682251608312844e-4,5.672140840326523e-4,5.682251608313012e-4,6.006615100643681e-4,1.0356474087658751,1.02870763030407,1.02870763030407,1.0287076303040668,1.03040045911099
4,9,561,0.02750881185520962,0.027546493289308267,0.02749739080572661,0.027546493289308274,0.027482703799565397,0.027482703799565276,0.029411613913986244,0.02974378945507491,0.02969077022253467,0.029743789455074946,0.02969077022253474,0.029743789455075702,-0.0019028020587766245,-0.002197296165766645,-0.002193379416808059,-0.0021972961657666843,-0.0022080664229693417,0.9353043983121315,0.926125883553424,0.926125883553424,0.9261258835534193,0.9256312178357212
4,10,561,0.12660932794286742,0.12790437197521576,0.1276763784422831,0.1279043719752158,0.12762837859167442,0.1276283785916764,0.1308280431918236,0.13224771722204035,0.13201198154071764,0.13224771722204023,0.13201198154071733,0.13224771722204323,-0.004218715248956173,-0.004343345246824587,-0.004335603098434532,-0.004343345246824297,-0.004383602949042914,0.9677537388312796,0.9671575030703008,0.9671575030703008,0.9671575030703021,0.9667939008423198
5,1,18,0.04206175196588333,0.050067913528077504,0.04728636277651764,0.050067913528077414,0.047336412032815564,0.047336412032815585,0.07905549372452413,0.08433264624161114,0.0796474992281883,0.08433264624161108,0.07964749922818824,0.08433264624161121,-0.03699374175864079,-0.03426473271353364,-0.03236113645167066,-0.03426473271353366,-0.03231108719537268,0.5320534979194644,0.5936955112808159,0.5936955112808159,0.5936955112808158,0.5943238958099342
5,2,18,0.02273859133496791,0.019167013815020516,0.018102179714186043,0.019167013815020586,0.016788382473551324,0.016788382473551276,0.013899759892613403,0.01504368975767949,0.014207929215586184,0.01504368975767963,0.014207929215586211,0.015043689757679496,0.008838831442354507,0.004123324057341027,0.0038942504985998595,0.004123324057341035,0.0025804532579651127,1.6358981385751585,1.274089942278699,1.274089942278699,1.2740899422787004,1.181620644276179
5,3,17,0.026614755209429783,0.02743084768561807,0.025817268409993478,0.027430847685618077,0.02810042338484773,0.028100423384847455,0.021385217539281867,0.021992096018735363,0.02069844331175093,0.021992096018735356,0.020698443311750983,0.021992096018735356,0.005229537670147916,0.005438751666882707,0.0051188250982425465,0.005438751666882711,0.007401980073096746,1.2445398397534153,1.2473048345300677,1.2473048345300675,1.2473048345300712,1.3576104715514752
5,4,17,-7.375206227699336e-4,-4.470395001467975e-4,-4.2074305896169176e-4,-4.470395001468388e-4,0.002946051593713861,0.002946051593713882,0.010594865742651824,0.013761008807045639,0.012951537700748837,0.013761008807045578,0.012951537700748868,0.013761008807045635,-0.011332386365421757,-0.014208048307192436,-0.013372280759710527,-0.014208048307192425,-0.010005486107035007,-0.06961113436302376,-0.03248595407612218,-0.03248595407612218,-0.03248595407611817,0.22746732177936818
5,5,17,0.007031341953287884,0.011862278794302773,0.011164497688755552,0.011862278794302787,0.009678616969430967,0.009678616969431394,0.01168605171841404,0.013665663682176234,0.012861801112636455,0.013665663682176239,0.01286180111263637,0.013665663682176232,-0.004654709765126155,-0.0018033848878734604,-0.0016973034238809033,-0.001803384887873447,-0.0031831841432054028,0.6016867050321539,0.8680353234343409,0.868035323434341,0.8680353234343435,0.7525086793576671
5,6,17,0.009372339621931753,0.008311181336969346,0.007822288317147619,0.008311181336969358,0.009069736935486027,0.00906973693548611,0.010401228295691005,0.010965901160297359,0.010320848150868102,0.010965901160297338,0.01032084815086813,0.010965901160297362,-0.0010288886737592519,-0.0026547198233280132,-0.0024985598337204824,-0.002654719823328007,-0.001251111215382102,0.9010800797262092,0.7579113850725219,0.7579113850725219,0.7579113850725229,0.8787782557117784
5,7,17,0.006227456945755375,0.00517606010706368,0.004871585983118757,0.005176060107063678,0.0029370573753580397,0.002937057375358135,0.01385195890484131,0.01628162521440823,0.01532388255473716,0.01628162521440823,0.015323882554737163,0.016281625214408228,-0.007624501959085935,-0.011105565107344551,-0.010452296571618402,-0.011105565107344582,-0.012386825179379123,0.4495722943257402,0.31790807360454326,0.3179080736045432,0.31790807360454326,0.19166535405546356
5,8,17,0.020159496520602477,0.02234724866494381,0.021032704625829467,0.022347248664943777,0.018806106175987606,0.018806106175987443,0.0196825667976742,0.020500174810940772,0.01929428217500308,0.02050017481094074,0.0192942821750031,0.020500174810940772,4.769297229282772e-4,0.0018470738540030361,0.0017384224508263865,0.0018470738540030695,-4.8817599901549574e-4,1.024231073509408,1.0901003952911303,1.0901003952911303,1.090100395291137,0.9746984109288109
5,9,17,0.013813640086727077,0.01631267815209955,0.01535310884903487,0.016312678152099545,0.01767129860147316,0.0176712986014732,0.022655130688027575,0.023031329381879757,0.021676545300592712,0.023031329381879753,0.021676545300592747,0.02303132938187977,-0.008841490601300498,-0.006718651229780208,-0.006323436451557843,-0.006718651229780229,-0.004005246699119586,0.6097356169314482,0.7082820918246167,0.7082820918246167,0.7082820918246155,0.8152267050132724
5,10,17,0.05566401939148855,0.05937885351859338,0.05588597978220553,0.05937885351859343,0.056310451908995834,0.05631045190899598,0.08436906984053638,0.08911840127438762,0.08387614237589423,0.08911840127438767,0.08387614237589436,0.08911840127438762,-0.02870505044904783,-0.029739547755794245,-0.0279901625936887,-0.029739547755794262,-0.027565690466898524,0.6597680820316919,0.6662917272917764,0.6662917272917764,0.6662917272917767,0.6713524288782649
