boro,boro_name,NEIGHBORHOOD,predicted,actual,n,median_sales_ratio,r,spearmans,cod,prd,prb,clapp,gini,ci,ki,mki,gini_p_value,ci_p_value,ki_p_value,mki_p_value,accuracy,uniformity,vertical_equity,BORO,BORO_NAME,NBHD,NBHD_NAME
All,All,,prediction,GROSSCON,20710,1.0037,0.9548741329943173,0.9565546430283309,10.883754073064331,1.0413892441406285,-0.023995556993631297,1.0375807157421355,0.4783532888368486,0.4545726040488471,-0.023780684788001247,0.9502863566678422,0,0,0,0,TRUE,TRUE,TRUE,,,,
1,Manhattan,1010,prediction,GROSSCON,61,1.0073,0.9670237454046259,0.8944682097044359,7.480862557242634,1.0229923489929342,-0.05324808460967714,1.0708527337440747,0.2779196155044601,0.25026748123558784,-0.02765213426887226,0.9005031213119659,0,0,9.83e-5,0,TRUE,TRUE,TRUE,1,Manhattan,ABCD CITY,ALPHABET CITY
1,Manhattan,1030,prediction,GROSSCON,339,0.9907,0.9458861362546739,0.8708896681677557,13.223166220407132,1.044043040241211,-0.07058601066818859,1.1066677326635093,0.35381082954349213,0.31911105762513176,-0.034699771918360205,0.9019256364675663,0,0,0,0,TRUE,TRUE,FALSE,1,Manhattan,CHELSEA,CHELSEA
1,Manhattan,1040,prediction,GROSSCON,1,,,,,,,,,,,,,,,,,,,1,Manhattan,CHINATOWN,CHINATOWN
1,Manhattan,1050,prediction,GROSSCON,42,0.967,0.9874729635025403,0.9662498843427217,6.239723437157297,1.0179823850199385,-0.029460034788966683,1.0475541471184497,0.37009961511141604,0.3555464955269058,-0.014553119584510226,0.9606778310749418,0,0,0.0595438,0,TRUE,TRUE,TRUE,1,Manhattan,CIVIC CTR,CIVIC CENTER
1,Manhattan,1060,prediction,GROSSCON,80,1.0311,0.9451744213661302,0.9156136032079795,6.752079843329051,1.0086316243875395,-0.02160440579263774,1.0314900731737027,0.21327053865962675,0.19905061620200787,-0.01421992245761883,0.9333244875406194,0,0,0.0119767,0,TRUE,TRUE,TRUE,1,Manhattan,CLINTON,CLINTON
1,Manhattan,1070,prediction,GROSSCON,54,1.0182,0.7531720944246663,0.8850619545288264,10.250861941661482,1.0429184685306527,-0.10258116695722344,1.1685526464303992,0.24345965528223493,0.19373139520168842,-0.04972826008054649,0.7957433233736487,0,0,0.0115112,0,TRUE,TRUE,FALSE,1,Manhattan,EAST VILAG,EAST VILLAGE
1,Manhattan,1080,prediction,GROSSCON,40,1.0352,0.8899293463659667,0.8871329912350859,13.830534429568745,1.0573590981113659,-0.05834027101777747,1.0719372965679488,0.36658619375960005,0.31871269759514864,-0.0478734961644514,0.8694072581581018,0,0,0.0216195,0,TRUE,TRUE,FALSE,1,Manhattan,FASHION,FASHION
1,Manhattan,1090,prediction,GROSSCON,18,1.001,0.7959973367932496,0.8895367905339002,21.74519739284954,1.1130167742546984,-0.08683819986687703,1.113850491409363,0.39941695968950297,0.32639045397608407,-0.073026505713419,0.8171672385414285,1e-7,6e-7,0.1294566,6e-7,TRUE,FALSE,FALSE,1,Manhattan,FINANCIAL,FINANCIAL
1,Manhattan,1100,prediction,GROSSCON,198,0.9975,0.9493292133184154,0.899743493046773,9.86893316037093,1.0269267826496107,-0.04037537523435093,1.0536684814056478,0.33770527142390777,0.31310648183943585,-0.0245987895844724,0.9271590002704032,0,0,3.01e-5,0,TRUE,TRUE,TRUE,1,Manhattan,FLATIRON,FLATIRON
1,Manhattan,1110,prediction,GROSSCON,499,1.0124,0.8795885628586403,0.8491080940516479,12.008159715932466,1.0494575516185618,-0.07935107929979703,1.1119205097763472,0.3087495280149299,0.2571465376837317,-0.05160299033119834,0.8328645531445054,0,0,0,0,TRUE,TRUE,FALSE,1,Manhattan,GRAMERCY,GRAMERCY
1,Manhattan,1120,prediction,GROSSCON,509,0.9892,0.940453475219263,0.9076276201038103,13.61141237175871,1.0442767710520893,-0.049742864456711014,1.0780413945115466,0.37194245684517063,0.33951281246321946,-0.03242964438195179,0.9128100495516925,0,0,0,0,TRUE,TRUE,TRUE,1,Manhattan,GRVIL-CNTL,GREENWICH VILLAGE-CENTRAL
1,Manhattan,1121,prediction,GROSSCON,401,1.0019,0.9403857496178134,0.8887721869981605,12.446851022201663,1.049308388053901,-0.07211025964672016,1.1133371357212098,0.35540767523953726,0.3138502210704611,-0.041557454169076025,0.8830710278244073,0,0,0,0,TRUE,TRUE,FALSE,1,Manhattan,GRVIL-WEST,GREENWICH VILLAGE-WEST
1,Manhattan,1130,prediction,GROSSCON,18,1.0567,0.983921734852331,0.963122069116711,9.215711281612455,1.031236728921671,-0.05488287215333943,1.0756379227113981,0.3638863766403957,0.3393139807393954,-0.024572395901000226,0.9324723389540813,2.7e-6,5.2e-6,0.0715366,5.2e-6,TRUE,TRUE,FALSE,1,Manhattan,HARLM-CNTL,HARLEM-CENTRAL
1,Manhattan,1131,prediction,GROSSCON,1,,,,,,,,,,,,,,,,,,,1,Manhattan,HARLM-EAST,HARLEM-EAST
1,Manhattan,1132,prediction,GROSSCON,10,0.9953,0.9400963458145608,0.5902955939765756,7.329882466387132,1.0174623401509038,-0.18387892900811675,1.252224752683103,0.1634040486812953,0.12391733017348773,-0.03948671850780758,0.7583492035449939,2.292e-4,0.0048354,0.0035244,0.0048354,TRUE,TRUE,TRUE,1,Manhattan,HARLM-UPR,HARLEM-UPPER
1,Manhattan,1133,prediction,GROSSCON,2,,,,,,,,,,,,,,,,,,,1,Manhattan,HARLM-WEST,HARLEM-WEST
1,Manhattan,1140,prediction,GROSSCON,125,1.0479,0.6321786723722806,0.7223365273286259,11.309539677633675,1.0490163074322993,-0.13977134381025366,1.1450394037717608,0.22100504149684366,0.149953669854602,-0.07105137164224161,0.6785079147470199,0,0,1e-7,0,TRUE,TRUE,FALSE,1,Manhattan,INWOOD,INWOOD
1,Manhattan,1150,prediction,GROSSCON,26,1.0184,0.8837885924281872,0.7933039456738087,7.614450749742528,1.0139465400790297,-0.09236486175425807,1.1247125039273895,0.16819940167649067,0.140574017947443,-0.027625383729047583,0.8357581331818207,0,0,0.0158048,0,TRUE,TRUE,TRUE,1,Manhattan,JAVITS CTR,JAVITS CENTER
1,Manhattan,1160,prediction,GROSSCON,106,1.0355,0.47645158204761506,0.8215692083595264,13.042929716737984,1.0735921321579465,-0.13616755924776006,1.17256195205861,0.2459715972188685,0.16433670715185958,-0.08163489006700901,0.6681125341704827,0,0,2.18e-4,0,TRUE,TRUE,FALSE,1,Manhattan,KIPS BAY,KIPS BAY
1,Manhattan,1170,prediction,GROSSCON,3,,,,,,,,,,,,,,,,,,,1,Manhattan,LITL ITALY,LITTLE ITALY
1,Manhattan,1180,prediction,GROSSCON,184,1.0268,0.5942608420190397,0.6475282091031243,11.735453433117668,1.0434535524532764,-0.18792964058145878,1.2171268975561642,0.18633841755133418,0.11630216091053487,-0.07003625664079927,0.6241448351813706,0,0,0,0,TRUE,TRUE,FALSE,1,Manhattan,LOW E SIDE,LOWER EAST SIDE
1,Manhattan,1190,prediction,GROSSCON,39,1.0179,0.9417874240587051,0.9379342677982538,9.475201477214146,1.041952223004838,-0.054460711929994354,1.049847506009928,0.36037288917556204,0.32507159305311434,-0.03530129612244765,0.9020423090005251,0,0,0.0354018,0,TRUE,TRUE,FALSE,1,Manhattan,MANHTN VLY,MANHATTAN VALLEY
1,Manhattan,1200,prediction,GROSSCON,70,1.0142,0.9663239693923851,0.8591972557075637,11.378656397509724,1.0383711070907642,-0.04578064128294476,1.0586305260995277,0.3929178983050044,0.36205087227995125,-0.03086702602505321,0.9214415373842487,0,0,0.001353,0,TRUE,TRUE,TRUE,1,Manhattan,MIDTN CBD,MIDTOWN CBD
1,Manhattan,1201,prediction,GROSSCON,1111,1.0146,0.9030278836299976,0.8997557640118466,12.525319000512184,1.043219537892276,-0.043804565716555215,1.0710324875954484,0.360110156831944,0.3234177367913154,-0.036692420040628775,0.8981077891181146,0,0,0,0,TRUE,TRUE,TRUE,1,Manhattan,MIDTN EAST,MIDTOWN EAST
1,Manhattan,1202,prediction,GROSSCON,185,1.0154,0.9215368653473092,0.8672708792304326,13.824093958415972,1.057720455454188,-0.06529437095273412,1.1036680532570613,0.3786817519847062,0.3303023660198397,-0.048379385964866524,0.8722426266612914,0,0,3e-7,0,TRUE,TRUE,FALSE,1,Manhattan,MIDTN WEST,MIDTOWN WEST
1,Manhattan,1210,prediction,GROSSCON,72,1.0122,0.8222385911355993,0.5514613402442443,10.274693425595723,1.0222524462550469,-0.070006220018689,1.0943141112277468,0.18676549914077262,0.14035668062410037,-0.046408818516672216,0.7515128932796514,0,0,5e-7,0,TRUE,TRUE,TRUE,1,Manhattan,MORNSD HTS,MORNINGSIDE HEIGHTS
1,Manhattan,1220,prediction,GROSSCON,508,1.0149,0.8568274523889158,0.8459699112007393,10.43624731718087,1.0358717103507327,-0.07998272681657646,1.1148270148102088,0.25320657120986284,0.20687764853449966,-0.04632892267536312,0.8170311202667613,0,0,0,0,TRUE,TRUE,FALSE,1,Manhattan,MURRAY HIL,MURRAY HILL
1,Manhattan,1230,prediction,GROSSCON,116,0.9722,0.9754660080591379,0.9666976078323035,10.322005797841465,1.037447082742224,-0.04084578762234832,1.0406125847364214,0.4447470756827182,0.430281089600886,-0.014465986081832218,0.9674736791475788,0,0,0.0251382,0,TRUE,TRUE,TRUE,1,Manhattan,SOHO,SOHO
1,Manhattan,1240,prediction,GROSSCON,3,,,,,,,,,,,,,,,,,,,1,Manhattan,SOUTHBRIDG,SOUTHBRIDGE
1,Manhattan,1250,prediction,GROSSCON,30,0.9522,0.8661952553157389,0.8761310057448806,9.927191898027292,1.008545985999913,-0.006724589478016198,1.0061138051125786,0.23260160852070969,0.22234324753351295,-0.010258360987196841,0.9558972912851386,0,0,0.5607595,0,TRUE,TRUE,TRUE,1,Manhattan,TRIBECA,TRIBECA
1,Manhattan,1270,prediction,GROSSCON,1519,1.0187,0.964342169578333,0.9318957785632374,13.28424087522978,1.0525598101203801,-0.03532960878079936,1.056381242646796,0.49667984979059887,0.46940758052205284,-0.027272269268545993,0.9450908481992082,0,0,0,0,TRUE,TRUE,TRUE,1,Manhattan,UES 59-79,UPPER EAST SIDE (59-79)
1,Manhattan,1271,prediction,GROSSCON,1439,1.0101,0.9507136998003956,0.9382988383494808,12.881471201479897,1.0504999883637625,-0.034907090220067445,1.0542978566194638,0.4746180730169863,0.44699451539622176,-0.027623557620764252,0.9417983444137099,0,0,0,0,TRUE,TRUE,TRUE,1,Manhattan,UES 79-96,UPPER EAST SIDE (79-96)
1,Manhattan,1272,prediction,GROSSCON,61,1.041,0.9283724386652467,0.9047308355493926,14.001307409707584,1.0630566475114027,-0.042368307238776166,1.0697669289039666,0.4757125494691081,0.4421442917276459,-0.03356825774146212,0.9294358372951803,0,0,0.1188593,0,TRUE,TRUE,TRUE,1,Manhattan,UES 96-110,UPPER EAST SIDE (96-110)
1,Manhattan,1280,prediction,GROSSCON,760,1.0059,0.8924224329932474,0.9128328180092047,14.469985737111568,1.066017121161333,-0.05328211088577008,1.0758429684407107,0.420347924628438,0.37701183037379576,-0.043336094254642,0.8969042269140546,0,0,0,0,TRUE,TRUE,FALSE,1,Manhattan,UWS 59-79,UPPER WEST SIDE (59-79)
1,Manhattan,1281,prediction,GROSSCON,714,1.0094,0.9105970725459415,0.9142828714421811,13.548052409948424,1.0529749057671391,-0.05213022628964153,1.0821748110218226,0.42761998002033014,0.3955025408607181,-0.03211743915961168,0.9248925666240281,0,0,1e-7,0,TRUE,TRUE,FALSE,1,Manhattan,UWS 79-96,UPPER WEST SIDE (79-96)
1,Manhattan,1282,prediction,GROSSCON,326,1.0124,0.8808604017229209,0.8994509010588985,12.915255153600366,1.0494928794055856,-0.07669907518494151,1.1018189772991007,0.31842117045141594,0.2722682152108442,-0.04615295524057213,0.8550568884124691,0,0,0,0,TRUE,TRUE,FALSE,1,Manhattan,UWS 96-116,UPPER WEST SIDE (96-116)
1,Manhattan,1290,prediction,GROSSCON,37,1.0803,0.8585738205857044,0.8367672841747171,12.579021944719532,1.043948360953276,-0.10730156574376039,1.1692824589214557,0.2779687267664478,0.22793325993694408,-0.05003546682950376,0.8199960570688801,0,0,0.0059247,0,TRUE,TRUE,FALSE,1,Manhattan,WASHTS-LOW,WASHINGTON HEIGHTS LOWER
1,Manhattan,1291,prediction,GROSSCON,234,1.0065,0.863112766671485,0.9034692243526642,9.692315628253953,1.0264088322737277,-0.05571330200936214,1.0945243044518849,0.2446157553389649,0.2111948938824863,-0.03342086145647864,0.8633740438747819,0,0,2e-7,0,TRUE,TRUE,TRUE,1,Manhattan,WASHTS-UPR,WASHINGTON HEIGHTS UPPER
2,Bronx,2020,prediction,GROSSCON,11,0.9186,0.837125496812275,0.5387205387205387,13.626781384096143,1.0391523995279395,-0.3390976974057274,1.286473637472203,0.18203417709951566,0.11984797614958619,-0.062186200949929556,0.6583817284161251,2.81e-5,0.0011079,0.0130745,0.0011079,TRUE,TRUE,FALSE,2,Bronx,BAYCHESTER,BAYCHESTER
2,Bronx,2030,prediction,GROSSCON,97,0.9998,0.8911381038239286,0.8708018381990912,8.396132174862158,1.0179481570185964,-0.1184621263438456,1.143822027361015,0.1674466658883067,0.13747975896215855,-0.029966906926148142,0.8210361086189838,0,0,0,0,TRUE,TRUE,TRUE,2,Bronx,BED PK/NOR,BEDFORD PARK/NORWOOD
2,Bronx,2060,prediction,GROSSCON,22,0.9937,0.8161732778859783,0.7766114644182903,9.32061249216441,1.0222279765610205,-0.1787580885446988,1.3780410995487264,0.15402113624617988,0.10417438423666807,-0.04984675200951186,0.6763642106247078,0,2e-7,1.855e-4,2e-7,TRUE,TRUE,TRUE,2,Bronx,BRONXDALE,BRONXDALE
2,Bronx,2080,prediction,GROSSCON,2,,,,,,,,,,,,,,,,,,,2,Bronx,CITY ISLND,CITY ISLAND
2,Bronx,2100,prediction,GROSSCON,8,0.9482,0.2868482734171166,0.28,7.284537473391732,1.0072835776491835,-0.3864572107050763,1.6784484537464985,0.06499323429153371,0.023043498622968936,-0.04194973566856481,0.3545522680038501,1.183e-4,0.1906901,0.0404962,0.1906901,TRUE,TRUE,TRUE,2,Bronx,COUNTRY CL,COUNTRY CLUB
2,Bronx,2140,prediction,GROSSCON,26,1.0071,0.906992103108347,0.82209606884504,8.20350086898871,1.0225427824836575,-0.11965106936081424,1.3002814109775154,0.19077822478119846,0.14643614025187943,-0.04434208452931911,0.767572611705688,0,0,1.021e-4,0,TRUE,TRUE,TRUE,2,Bronx,FIELDSTON,FIELDSTON
2,Bronx,2150,prediction,GROSSCON,21,0.9766,0.7360115713688143,0.5433494478635161,8.555317171534346,1.0181366794379934,-0.18326516894713923,1.3364541908857293,0.1318860441454349,0.08128100195476502,-0.050605042190670003,0.6162972168998697,0,3.44e-5,2.274e-4,3.44e-5,TRUE,TRUE,TRUE,2,Bronx,FORDHAM,FORDHAM
2,Bronx,2160,prediction,GROSSCON,1,,,,,,,,,,,,,,,,,,,2,Bronx,HIBG/MORRS,HIGHBRIDGE/MORRIS HEIGHTS
2,Bronx,2180,prediction,GROSSCON,55,0.983,0.8377327411517049,0.8107634439566952,8.260969870642965,1.0233867510270185,-0.12742891354368033,1.157851061350739,0.1689348589266487,0.13799654436471367,-0.030938314561935062,0.8168624595391034,0,0,6.083e-4,0,TRUE,TRUE,TRUE,2,Bronx,KBG/UNI HT,KINGSBRIDGE HTS/UNIV HTS
2,Bronx,2190,prediction,GROSSCON,77,1.0015,0.9173215770423793,0.8832095698029402,8.748817244966807,1.0202386306634115,-0.12130090444954367,1.1932503170969595,0.18065832546464708,0.14716293793743748,-0.03349538752720967,0.8145926159723845,0,0,0,0,TRUE,TRUE,TRUE,2,Bronx,KBG/JER PK,KINGSBRIDGE/JEROME PARK
2,Bronx,2200,prediction,GROSSCON,77,0.9352,0.5563817673781819,0.5264390785207568,21.09406925442312,1.077388592674987,-0.2877817202825152,1.5091274359286158,0.19505029330021167,0.102405454388289,-0.09264483891192277,0.5250207659553298,0,0,0,0,TRUE,FALSE,FALSE,2,Bronx,MEL/CONCRS,MELROSE/CONCOURSE
2,Bronx,2210,prediction,GROSSCON,18,0.98740000000000006,0.5722615809149253,0.5276953591038003,9.915067357346343,1.0159308696017328,-0.15237232092125694,1.5244442982038628,0.11944599219931537,0.06622330626185838,-0.05322268593745707,0.5544204961800122,0,2.249e-4,6.313e-4,2.249e-4,TRUE,TRUE,TRUE,2,Bronx,MOR PK/VAN,MORRIS PARK/VAN NEST
2,Bronx,2250,prediction,GROSSCON,8,1.0214,0.923176421115641,0.7028112449799199,5.915338687543624,1.0089543390810698,-0.0751148100665803,1.1024069593051649,0.15263443780554053,0.12533162391219552,-0.027302813893344987,0.8211228456311458,1.885e-4,0.0041566,0.1148135,0.0041566,TRUE,TRUE,TRUE,2,Bronx,PARKCHESTR,PARKCHESTER
2,Bronx,2280,prediction,GROSSCON,6,,,,,,,,,,,,,,,,,,,2,Bronx,PEL PKWY N,PELHAM PARKWAY NORTH
2,Bronx,2290,prediction,GROSSCON,67,0.9917,0.8235924818840276,0.6963117432084747,11.435241556748615,1.033756174735979,-0.25474339007436975,1.2822947196487293,0.16906769324683615,0.11808215441687007,-0.05098553882996607,0.6984312150309643,0,0,0,0,TRUE,TRUE,FALSE,2,Bronx,PEL PKWY S,PELHAM PARKWAY SOUTH
2,Bronx,2300,prediction,GROSSCON,792,1.0023,0.8457744361406663,0.8876550872859338,10.490121900609294,1.0325305136394662,-0.06315391104758708,1.0917497825740687,0.2609406810723382,0.2239392384319365,-0.03700144264040173,0.8581997928098318,0,0,0,0,TRUE,TRUE,FALSE,2,Bronx,RIVERDALE,RIVERDALE
2,Bronx,2310,prediction,GROSSCON,36,0.9579,0.682412198750145,0.5807376669790429,17.97833440293878,1.0593705434316436,-0.3633613265475742,1.4495397970241863,0.18954790179801861,0.11908990059854666,-0.07045800119947196,0.6282839296498693,0,0,4e-7,0,TRUE,FALSE,FALSE,2,Bronx,SCHUY/PELM,SCHUYLERVILLE/PELHAM BAY
2,Bronx,2340,prediction,GROSSCON,12,0.9638,0.8885183402145138,0.9076677708256655,8.701191201199222,1.013940896846665,-0.08214401439589451,1.0354318840703618,0.18227283438982525,0.1591062353083992,-0.023166599081426018,0.8729015261161753,0,2.3e-6,0.2335899,2.3e-6,TRUE,TRUE,TRUE,2,Bronx,VN CORT PK,VAN CORTLANDT PARK
2,Bronx,2360,prediction,GROSSCON,6,,,,,,,,,,,,,,,,,,,2,Bronx,WESTCHESTR,WESTCHESTER
2,Bronx,2370,prediction,GROSSCON,6,,,,,,,,,,,,,,,,,,,2,Bronx,WLMSBRIDGE,WILLIAMSBRIDGE
2,Bronx,2380,prediction,GROSSCON,42,0.9883,0.7539324364477142,0.7873471526088952,11.611371141837653,1.0273080512296326,-0.21954560760215305,1.3064459156198271,0.1590839295783899,0.10714433638746122,-0.05193959319092859,0.6735082334929695,0,0,1.3e-6,0,TRUE,TRUE,TRUE,2,Bronx,WOODLAWN,WOODLAWN
3,Brooklyn,3010,prediction,GROSSCON,41,1.0216,0.8792461601188957,0.7991141383867424,7.535441747342113,1.0116601352568844,-0.12128814382719585,1.2155005107326526,0.13431651253079163,0.10618853987972462,-0.028127972651067076,0.7905844030560363,0,0,1.138e-4,0,TRUE,TRUE,TRUE,3,Brooklyn,BATH BEACH,BATH BEACH
3,Brooklyn,3020,prediction,GROSSCON,392,1.0221,0.8583537497562943,0.8502301611219475,8.932552554695958,1.0226085875257018,-0.0907558392650235,1.1457458748318845,0.19391398857067152,0.1553493687947371,-0.03856461977593453,0.8011251273815156,0,0,0,0,TRUE,TRUE,TRUE,3,Brooklyn,BAY RIDGE,BAY RIDGE
3,Brooklyn,3040,prediction,GROSSCON,15,1.0291,0.9062345956178636,0.909298469387755,7.490656516689058,1.0140242415607565,-0.1407552960792202,1.2402641204985017,0.14899427107526425,0.11397710996300346,-0.03501716111226078,0.7649764594333165,0,1e-7,0.0056774,1e-7,TRUE,TRUE,TRUE,3,Brooklyn,BENSONHRST,BENSONHURST
3,Brooklyn,3060,prediction,GROSSCON,24,0.9925,0.94271112417992,0.9586610218180832,6.9739556530100275,1.0189875117305447,-0.08179464236662418,1.129680004329554,0.23053970267235768,0.20568582869213578,-0.024853873980221985,0.8921926518854569,0,0,0.0254019,0,TRUE,TRUE,TRUE,3,Brooklyn,BOERUM HIL,BOERUM HILL
3,Brooklyn,3070,prediction,GROSSCON,28,1.0111,0.8895722188446672,0.8374354732481653,9.434189228689254,1.0191326679907147,-0.13751380694322105,1.2356304959636812,0.17330414111761133,0.14467223262733062,-0.02863190849028071,0.834788088122776,0,0,0.0089548,0,TRUE,TRUE,TRUE,3,Brooklyn,BOROUGH PK,BOROUGH PARK
3,Brooklyn,3080,prediction,GROSSCON,134,0.9973,0.827412478559902,0.8666775650048502,10.814944007313681,1.027399399118246,-0.09381497278318869,1.1362770562287168,0.21627378357863095,0.1772772321571665,-0.03899655142146457,0.8196889573197542,0,0,0,0,TRUE,TRUE,TRUE,3,Brooklyn,BRIGHTON,BRIGHTON BEACH
3,Brooklyn,3090,prediction,GROSSCON,285,0.9916,0.9512416544205913,0.931252363190139,10.534382960984647,1.0342797218600073,-0.0585628038140736,1.0914757485694018,0.3356590803278618,0.30701087272869637,-0.02864820759916541,0.9146508785903157,0,0,0,0,TRUE,TRUE,FALSE,3,Brooklyn,BKLYN HTS,BROOKLYN HEIGHTS
3,Brooklyn,3140,prediction,GROSSCON,29,0.9582,0.981196551915228,0.9709008867965974,5.675846311293372,1.016165807809128,-0.06907775245673525,1.0979152421688512,0.23871498369341163,0.2196344109289352,-0.019080572764476438,0.9200696476221946,0,0,0.0040231,0,TRUE,TRUE,TRUE,3,Brooklyn,CARLL GRDN,CARROLL GARDENS
3,Brooklyn,3150,prediction,GROSSCON,210,0.9794,0.8700084685521464,0.7718886662566643,10.186559867141751,1.0275381473030378,-0.14114546319117202,1.1518441388760516,0.1836369464359233,0.14848940175322708,-0.03514754468269622,0.8086030868795776,0,0,0,0,TRUE,TRUE,TRUE,3,Brooklyn,CLINTON HL,CLINTON HILL
3,Brooklyn,3160,prediction,GROSSCON,24,0.9652,0.9728849647118548,0.9753656599277569,6.020923096621749,1.018184634182492,-0.04089060590158756,1.0540678505547891,0.3133796189521849,0.3023725276955974,-0.011007091256587505,0.9648761738450294,0,0,0.3248232,0,TRUE,TRUE,TRUE,3,Brooklyn,COBBLE HL,COBBLE HILL
3,Brooklyn,3170,prediction,GROSSCON,89,1.0056,0.8459333152284284,0.8061916342912916,5.882971212891953,1.005908991060765,-0.04538731391927345,1.054015515823002,0.11682118256748136,0.09901959311744485,-0.017801589450036535,0.847616767278027,0,0,6.85e-5,0,TRUE,TRUE,TRUE,3,Brooklyn,CONEY ISL,CONEY ISLAND
3,Brooklyn,3180,prediction,GROSSCON,30,0.9736,0.8301306613174825,0.8937781401652918,13.485971081682438,1.0468718371238395,-0.1201492159862229,1.1514804180778235,0.2460532430364731,0.20236512840892035,-0.04368811462755277,0.8224444673501956,0,0,0.0154644,0,TRUE,TRUE,FALSE,3,Brooklyn,CROWN HTS,CROWN HEIGHTS
3,Brooklyn,3190,prediction,GROSSCON,1,,,,,,,,,,,,,,,,,,,3,Brooklyn,CYPRSS HLS,CYPRESS HILLS
3,Brooklyn,3200,prediction,GROSSCON,43,1.0298,0.7387571503548384,0.7853423601497077,11.636780399751807,1.0276333268395046,-0.10494019765587895,1.220945444790059,0.19613743035470999,0.15099244298144582,-0.04514498737326429,0.7698298214082817,0,0,0.0023482,0,TRUE,TRUE,TRUE,3,Brooklyn,DTN-MALL,DOWNTOWN-FULTON MALL
3,Brooklyn,3201,prediction,GROSSCON,75,1.0284,0.7667786570525682,0.771746514303752,12.078499037831675,1.0333978117027536,-0.08933960783137775,1.153669271879302,0.23144280715307886,0.18377177992876212,-0.047671027224316695,0.7940267498017921,0,0,1.32e-4,0,TRUE,TRUE,FALSE,3,Brooklyn,DTN-TECH,DOWNTOWN-METROTECH
3,Brooklyn,3202,prediction,GROSSCON,5,,,,,,,,,,,,,,,,,,,3,Brooklyn,DTN-FERRY,DOWNTOWN-FULTON FERRY
3,Brooklyn,3210,prediction,GROSSCON,1,,,,,,,,,,,,,,,,,,,3,Brooklyn,DYKER HTS,DYKER HEIGHTS
3,Brooklyn,3230,prediction,GROSSCON,168,0.9901,0.8931446264044609,0.8713757093793839,8.905537397291857,1.0232451642572333,-0.10449344517887328,1.1540894594927145,0.19703712400004622,0.16372422270350873,-0.033312901296537474,0.830930838715807,0,0,0,0,TRUE,TRUE,TRUE,3,Brooklyn,FLATB-CTRL,FLATBUSH-CENTRAL
3,Brooklyn,3231,prediction,GROSSCON,89,0.9992,0.8657330990095216,0.7902866644406591,9.698284256025348,1.022745276062238,-0.09154663011303346,1.1666797293204711,0.19455288434291942,0.1555141729466225,-0.039038711396296916,0.7993413897298625,0,0,2e-7,0,TRUE,TRUE,TRUE,3,Brooklyn,FLATB-EAST,FLATBUSH-EAST
3,Brooklyn,3232,prediction,GROSSCON,32,0.9773,0.9027372413876523,0.8836827302092146,14.060108023657763,1.039050072337706,-0.08567946485235388,1.1484909719432765,0.30375815171551107,0.266690085804192,-0.03706806591131907,0.8779684900570646,0,0,0.0465956,0,TRUE,TRUE,FALSE,3,Brooklyn,FLATB-LEGA,FLATBUSH-LEFFERTS GARDEN
3,Brooklyn,3233,prediction,GROSSCON,22,1.0147,0.6767782852361072,0.5397412435766002,18.60551451438915,1.060413607547223,-0.22568225714483459,1.265688416356006,0.22125263898662909,0.13173873874430125,-0.08951390024232782,0.5954222256859164,0,3.9e-6,3.357e-4,3.9e-6,TRUE,FALSE,FALSE,3,Brooklyn,FLATB-NRTH,FLATBUSH-NORTH
3,Brooklyn,3240,prediction,GROSSCON,42,1.0139,0.8976477569469011,0.8164296172269767,5.401989097415568,1.0067383826593073,-0.07081874747088078,1.0769897766713328,0.12431880001845244,0.1064756214124734,-0.01784317860597913,0.8564724031817345,0,0,0.0012935,0,TRUE,TRUE,TRUE,3,Brooklyn,FLATLANDS,FLATLANDS
3,Brooklyn,3250,prediction,GROSSCON,91,1.0056,0.9019195490896421,0.8283099692053408,8.98519482430264,1.0286024384457018,-0.09646301284165874,1.1098462945137542,0.22510132399780008,0.18134912267965556,-0.04375220131814456,0.8056333008571193,0,0,0,0,TRUE,TRUE,TRUE,3,Brooklyn,FT GREENE,FORT GREENE
3,Brooklyn,3270,prediction,GROSSCON,3,,,,,,,,,,,,,,,,,,,3,Brooklyn,GOWANUS,GOWANUS
3,Brooklyn,3280,prediction,GROSSCON,44,1.0209,0.8707366515442553,0.7560905724199576,5.930789213518891,1.0097763181690593,-0.13575534251244942,1.2085409213485017,0.11731734265069339,0.08968473289728615,-0.027632609753407315,0.764462703219574,0,0,5.3e-6,0,TRUE,TRUE,TRUE,3,Brooklyn,GRAVESEND,GRAVESEND
3,Brooklyn,3290,prediction,GROSSCON,9,1.0085,0.9393636250852886,0.8320028011204481,7.090456694566752,1.028819354188587,-0.12420469559632505,1.1694606110823498,0.22805351602066123,0.1979250966297505,-0.030128419390910696,0.8678888187447146,1.51e-5,1.834e-4,0.1648407,1.834e-4,TRUE,TRUE,TRUE,3,Brooklyn,GREENPOINT,GREENPOINT
3,Brooklyn,3320,prediction,GROSSCON,74,1.006,0.9212101665202563,0.8922830751833454,10.281982608725274,1.0300876260810015,-0.11108408714232273,1.1167282924766466,0.23174339854682943,0.20173230009282034,-0.030011098454009268,0.8704985831648414,0,0,7.68e-5,0,TRUE,TRUE,FALSE,3,Brooklyn,KENSINGTON,KENSINGTON
3,Brooklyn,3330,prediction,GROSSCON,99,0.9896,0.8401483082029454,0.7895132537510302,11.085581896191252,1.0257857255169043,-0.13869861367216207,1.1985830793199472,0.1848118076607328,0.14049015457745498,-0.044321653083277866,0.7601795380702023,0,0,0,0,TRUE,TRUE,TRUE,3,Brooklyn,MADISON,MADISON
3,Brooklyn,3340,prediction,GROSSCON,4,,,,,,,,,,,,,,,,,,,3,Brooklyn,MANHTN BCH,MANHATTAN BEACH
3,Brooklyn,3350,prediction,GROSSCON,54,1.0154,0.7883636057052433,0.8036316603893419,6.614900585353209,1.0084241689571358,-0.14031273808367598,1.2826043006517804,0.1023589945768437,0.07670978516441235,-0.025649209412431297,0.7494190958159936,0,0,1.37e-5,0,TRUE,TRUE,TRUE,3,Brooklyn,MARINE PRK,MARINE PARK
3,Brooklyn,3360,prediction,GROSSCON,118,1.0082,0.8491014974607467,0.8433768928284152,12.396678486217025,1.0317241213893307,-0.10434174729956497,1.170235487403953,0.22173312112438712,0.17805174986699435,-0.04368137125739286,0.8030002417505834,0,0,0,0,TRUE,TRUE,FALSE,3,Brooklyn,MIDWOOD,MIDWOOD
3,Brooklyn,3400,prediction,GROSSCON,240,1.0065,0.9186036167459666,0.8872117136910138,9.14207221332383,1.0223042070018473,-0.08609239568103523,1.1437582657132508,0.217067637078069,0.18545694819223402,-0.031610688885834994,0.8543740130433811,0,0,0,0,TRUE,TRUE,TRUE,3,Brooklyn,OCEAN PY-N,OCEAN PARKWAY-NORTH
3,Brooklyn,3401,prediction,GROSSCON,95,1.0237,0.6874242449213619,0.7948947412351501,8.57812879982063,1.022441846797047,-0.15797968989879776,1.1947558694040865,0.1566190421862159,0.11361834169589333,-0.04300070049032247,0.7254439824807772,0,0,8e-7,0,TRUE,TRUE,TRUE,3,Brooklyn,OCEAN PY-S,OCEAN PARKWAY-SOUTH
3,Brooklyn,3410,prediction,GROSSCON,23,0.9952,0.549878879928021,0.4758907345257646,10.154959753645727,1.0166808853159766,-0.3854208860280174,1.6086424612457135,0.1020941558441558,0.044773146798284334,-0.057321009045871514,0.43854759783341046,0,1.307e-4,1.2e-6,1.307e-4,TRUE,TRUE,TRUE,3,Brooklyn,OLD ML BSN,OLD MILL BASIN
3,Brooklyn,3420,prediction,GROSSCON,400,0.9609,0.942705501266876,0.9476063811059188,8.409008013882776,1.0246766498669442,-0.0711895270805539,1.1143172102809809,0.2596330865520174,0.23586810212762285,-0.023764984424394557,0.9084670419321412,0,0,0,0,TRUE,TRUE,TRUE,3,Brooklyn,PARK SLOPE,PARK SLOPE
3,Brooklyn,3430,prediction,GROSSCON,16,0.9928,0.9331906837755707,0.9620749564572347,6.3101748214460684,1.0153495611766998,-0.04331857883561614,1.0869781198580697,0.22679347721395945,0.20316007649836038,-0.023633400715598992,0.8957932961480062,0,0,0.1485412,0,TRUE,TRUE,TRUE,3,Brooklyn,PK SLOPE S,PARK SLOPE SOUTH
3,Brooklyn,3440,prediction,GROSSCON,155,0.9968,0.9130216904578877,0.9281184028978925,10.13784796491786,1.0241072513222012,-0.06246254753784439,1.0925079747120954,0.2751458958924449,0.25355560555031187,-0.021590290342132966,0.9215314832441731,0,0,3.795e-4,0,TRUE,TRUE,TRUE,3,Brooklyn,PRSPCT HTS,PROSPECT HEIGHTS
3,Brooklyn,3480,prediction,GROSSCON,242,1.0113,0.7850983890160963,0.8304753645696217,8.037365506459032,1.0163602649719456,-0.13184450487117821,1.2085024994872842,0.14255604241139733,0.10646936141171394,-0.036086680999683415,0.7468596883775561,0,0,0,0,TRUE,TRUE,TRUE,3,Brooklyn,SHEEPSHEAD,SHEEPSHEAD BAY
3,Brooklyn,3500,prediction,GROSSCON,52,1.0158,0.6048953985639178,0.6331386343811221,11.561724823606838,1.038025886312395,-0.3121846689084852,1.2976277835143755,0.14401167200995357,0.07995214172392374,-0.06405953028602974,0.5551782060998347,0,0,0,0,TRUE,TRUE,FALSE,3,Brooklyn,SUNSET PRK,SUNSET PARK
3,Brooklyn,3512,prediction,GROSSCON,4,,,,,,,,,,,,,,,,,,,3,Brooklyn,WBG-NORTH,WILLIAMSBURG-NORTH
3,Brooklyn,3513,prediction,GROSSCON,11,1.0328,0.8637606778367325,0.05006255212677232,3.89747312117201,1.0030240005282083,-0.11344575301756374,1.2407468154616543,0.06139619038045926,0.03526069890755631,-0.026135491472903043,0.5743141176847157,0.0074097,0.1182972,7.472e-4,0.1182972,TRUE,FALSE,TRUE,3,Brooklyn,WBG-SOUTH,WILLIAMSBURG-SOUTH
3,Brooklyn,3520,prediction,GROSSCON,76,0.999,0.8035748635045737,0.8243120604913609,10.081359521515685,1.0263652519061996,-0.1808738586333347,1.2097365681018208,0.16914463908064392,0.12434792503227247,-0.04479671404837148,0.7351573523591634,0,0,3e-7,0,TRUE,TRUE,TRUE,3,Brooklyn,WINDSOR TR,WINDSOR TERRACE
4,Queens,4040,prediction,GROSSCON,127,1.0052,0.7227620650853764,0.6120429411054146,10.066236348002809,1.020278702982042,-0.18803893443828998,1.317249062077586,0.1338011133214945,0.08323183810238594,-0.05056927521910843,0.6220563942722841,0,0,0,0,TRUE,TRUE,TRUE,4,Queens,ASTORIA,ASTORIA
4,Queens,4050,prediction,GROSSCON,337,1.0013,0.8268838282287684,0.846464031523839,9.114372548342988,1.0181717510738533,-0.1014860864650029,1.1537440734537476,0.17090804154829173,0.1404735268891514,-0.03043451465914017,0.8219246187398347,0,0,0,0,TRUE,TRUE,TRUE,4,Queens,BAYSIDE,BAYSIDE
4,Queens,4060,prediction,GROSSCON,153,0.9942,0.8263497353582457,0.6839599670185418,7.410856958216121,1.0084962127853607,-0.059415831649771184,1.0930827689647364,0.1253938105233726,0.10140981571550209,-0.023983994807870473,0.8087306326543122,0,0,0,0,TRUE,TRUE,TRUE,4,Queens,BEECHHURST,BEECHHURST
4,Queens,4070,prediction,GROSSCON,12,0.9335,0.8314301396077618,0.7999305658880128,8.356086049896245,1.0190657659336795,-0.2036463940753379,1.271004424414239,0.15208422250675768,0.10840040012045808,-0.04368382238629963,0.7127655869473339,6.6e-6,7.51e-5,0.0360228,7.51e-5,TRUE,TRUE,TRUE,4,Queens,BELLE HRBR,BELLE HARBOR
4,Queens,4100,prediction,GROSSCON,122,0.9969,0.8764392515490197,0.8457800372131445,7.804887322968994,1.0156188143495746,-0.12102140296337273,1.183950305618835,0.15265477159731453,0.119936377418959,-0.03271839417835536,0.7856706748436084,0,0,0,0,TRUE,TRUE,TRUE,4,Queens,BRIARWOOD,BRIARWOOD
4,Queens,4140,prediction,GROSSCON,104,1.0407,0.7511094075896474,0.6969174121314047,10.470247396760394,1.0217684193040697,-0.1199905709347308,1.2156900790709984,0.16503756471633757,0.12095735922234166,-0.04408020549399594,0.7329080469058059,0,0,0,0,TRUE,TRUE,TRUE,4,Queens,CORONA,CORONA
4,Queens,4150,prediction,GROSSCON,44,0.9802,0.910107640813023,0.7688818901424751,9.381065073293158,1.0264629534181913,-0.11439411291006873,1.165615325616973,0.19791961078459075,0.15218036548509745,-0.045739245299493386,0.7688998825423398,0,0,1.96e-5,0,TRUE,TRUE,TRUE,4,Queens,DOUGLASTON,DOUGLASTON
4,Queens,4160,prediction,GROSSCON,5,,,,,,,,,,,,,,,,,,,4,Queens,E ELMHURST,EAST ELMHURST
4,Queens,4170,prediction,GROSSCON,187,1.0057,0.8459538437759241,0.7971156128191789,8.709029024457172,1.0182748920942137,-0.1486554694884898,1.2053999328778868,0.1505087756101641,0.11409440444579504,-0.03641437116436917,0.7580581529764969,0,0,0,0,TRUE,TRUE,TRUE,4,Queens,ELMHURST,ELMHURST
4,Queens,4180,prediction,GROSSCON,8,0.9272,0.9602820196530822,0.9070294784580502,8.18537845212527,1.0276588841179393,-0.0748509437448297,1.1195290782662322,0.29358696114728294,0.2614091914678188,-0.032177769679464056,0.8903978243661793,4.8e-6,2.98e-5,0.2027928,2.98e-5,TRUE,TRUE,TRUE,4,Queens,FAR ROCKWY,FAR ROCKAWAY
4,Queens,4190,prediction,GROSSCON,31,0.9823,0.46010165320132895,0.4649750879469871,11.263863415328895,1.0252951629443727,-0.5063327595141477,1.7306013407104417,0.1092227349711281,0.04510962211626791,-0.06411311285486014,0.41300579158901446,0,2.76e-5,2e-7,2.76e-5,TRUE,TRUE,TRUE,4,Queens,FLORAL PK,FLORAL PARK
4,Queens,4210,prediction,GROSSCON,614,0.998,0.8436409200593092,0.8279911736903349,6.904881392409856,1.0112555587595393,-0.10889909092124121,1.155811755846394,0.13070926195394333,0.10406142707247369,-0.026647834881469667,0.7961289469229867,0,0,0,0,TRUE,TRUE,TRUE,4,Queens,FLUSHING-N,FLUSHING-NORTH
4,Queens,4211,prediction,GROSSCON,143,0.9959,0.8203554764966949,0.824885099092449,7.777828551574463,1.0124372670515527,-0.12727302782528294,1.197414824761032,0.12949951258895268,0.09962246631313904,-0.029877046275813512,0.7692883495967502,0,0,0,0,TRUE,TRUE,TRUE,4,Queens,FLUSHING-S,FLUSHING-SOUTH
4,Queens,4220,prediction,GROSSCON,753,0.9955,0.8919832071979825,0.861214809602054,9.68446822717958,1.0235662249375166,-0.06939053007526344,1.1319790496881537,0.22934764545957734,0.19664780048924102,-0.03269984497033639,0.8574223646167762,0,0,0,0,TRUE,TRUE,TRUE,4,Queens,FOREST HLS,FOREST HILLS
4,Queens,4230,prediction,GROSSCON,12,0.9855,0.7837553633933897,0.5561497326203209,5.216525746049413,1.0064176475875695,-0.24505837123935822,1.5267372247170543,0.08066853444111677,0.049729337674769024,-0.03093919676634772,0.616465118888066,0,7.95e-4,0.0032192,7.95e-4,TRUE,TRUE,TRUE,4,Queens,FRESH MDWS,FRESH MEADOWS
4,Queens,4240,prediction,GROSSCON,231,0.9864,0.831230816227276,0.8457171484713718,13.298412776581422,1.0301672530179338,-0.050268007849197625,1.0918712729827644,0.26266926823961767,0.22647124121737688,-0.03619802702224077,0.8621916173717756,0,0,2e-7,0,TRUE,TRUE,FALSE,4,Queens,GLEN OAKS,GLEN OAKS
4,Queens,4250,prediction,GROSSCON,62,0.9982,0.7879227057475483,0.6177486324925132,11.289728014144364,1.0206594521367809,-0.12420311389939812,1.177943808588355,0.16473227976502025,0.12320657808776635,-0.041525701677253904,0.747920069239085,0,0,2.4e-6,0,TRUE,TRUE,TRUE,4,Queens,GLENDALE,GLENDALE
4,Queens,4270,prediction,GROSSCON,28,1.0085,0.5672768872708114,0.6639277976135982,7.555636242742563,1.013579479421084,-0.24044706713387332,1.461073438108418,0.10302488341210718,0.06067930108670225,-0.04234558232540482,0.5889771390857171,0,3e-7,7.325e-4,3e-7,TRUE,TRUE,TRUE,4,Queens,HILLCREST,HILLCREST
4,Queens,4280,prediction,GROSSCON,6,,,,,,,,,,,,,,,,,,,4,Queens,HOLLIS,HOLLIS
4,Queens,4290,prediction,GROSSCON,23,1.0159,0.6837893373323916,0.5216248187307259,9.859086335557073,1.0159649998550837,-0.11683035643411648,1.1578889682921554,0.1308641100910964,0.08649298278218812,-0.04437112730890831,0.6609373855213556,0,1.63e-5,0.0030212,1.63e-5,TRUE,TRUE,TRUE,4,Queens,HOLLIS HLS,HOLLIS HILLS
4,Queens,4300,prediction,GROSSCON,60,0.9975,0.789226499465536,0.7780300129901262,5.470513472038994,1.0066657153152052,-0.18239126392873892,1.305294521723034,0.08589067235379956,0.05935333319480067,-0.026537339158998953,0.6910335146791401,0,0,0,0,TRUE,TRUE,TRUE,4,Queens,HOLLISWOOD,HOLLISWOOD
4,Queens,4310,prediction,GROSSCON,153,1.002,0.8355632922338047,0.7389049732195073,8.025114323574897,1.011333213351588,-0.0811048291272834,1.1378761075793484,0.13599361331462545,0.10709415226728392,-0.028899461047341615,0.7874939834087513,0,0,0,0,TRUE,TRUE,TRUE,4,Queens,HOWARD BCH,HOWARD BEACH
4,Queens,4320,prediction,GROSSCON,623,0.9959,0.9412552805974616,0.8905464739785218,8.807533886276655,1.023956856389408,-0.07159979449018178,1.1199493109067784,0.24544100308150088,0.21357399914540126,-0.031867003936099564,0.8701643020684783,0,0,0,0,TRUE,TRUE,TRUE,4,Queens,JACKSON HT,JACKSON HEIGHTS
4,Queens,4330,prediction,GROSSCON,115,1.0191,0.909908517845031,0.8651142893532614,9.036632395253758,1.0195573978896817,-0.07302251735554939,1.11605136048923,0.2018589800064729,0.16936489995630916,-0.03249408005016365,0.8390258384882274,0,0,0,0,TRUE,TRUE,TRUE,4,Queens,JAMAICA,JAMAICA
4,Queens,4350,prediction,GROSSCON,17,1.0014,0.8897399178550488,0.8674548250672821,7.476771054043918,1.013982620409319,-0.12574481716943986,1.194136218680125,0.15393611333867957,0.11839690859839187,-0.03553920474028769,0.7691301672525874,0,1.69e-5,0.0073101,1.69e-5,TRUE,TRUE,TRUE,4,Queens,JAMAICA ES,JAMAICA ESTATES
4,Queens,4360,prediction,GROSSCON,18,1.0181,0.9269830450789701,0.8796966663811931,7.346305901312228,1.0109980895179704,-0.059518081688066174,1.073444800927308,0.17894027840143686,0.16115087173770212,-0.017789406663734728,0.9005846709155907,0,0,0.1186224,0,TRUE,TRUE,TRUE,4,Queens,JAMAICA HL,JAMAICA HILLS
4,Queens,4370,prediction,GROSSCON,210,0.9917,0.8627933518820469,0.7931028290718038,9.303835560847093,1.0190789892803167,-0.11633019657396332,1.2000045870515437,0.16747570498560063,0.1280434961426384,-0.03943220884296225,0.7645496769435748,0,0,0,0,TRUE,TRUE,TRUE,4,Queens,KEW GARDEN,KEW GARDENS
4,Queens,4380,prediction,GROSSCON,1,,,,,,,,,,,,,,,,,,,4,Queens,LAURELTON,LAURELTON
4,Queens,4390,prediction,GROSSCON,143,0.9914,0.7781565522355169,0.735801577930658,10.377944397445148,1.0164830652860515,-0.11916610927974057,1.2072436993999633,0.1461891294426082,0.11237287561407562,-0.03381625382853251,0.7686814747617178,0,0,0,0,TRUE,TRUE,TRUE,4,Queens,LITTLE NCK,LITTLE NECK
4,Queens,4400,prediction,GROSSCON,8,0.9755,0.9440416827863519,0.4182444061962136,5.269239388496158,1.0075830259682985,-0.16200118713405184,1.3651903062579,0.10587926394328603,0.07060867696315738,-0.03527058698012858,0.6668791823201454,0.0140961,0.0726298,1.741e-4,0.0726298,TRUE,TRUE,TRUE,4,Queens,L I CITY,LONG ISLAND CITY
4,Queens,4410,prediction,GROSSCON,16,0.9771,0.7327421664992774,0.7024840160298571,8.007684327770045,1.0119290146178672,-0.18748229296905813,1.2804676510020994,0.11131622669374197,0.07804077040302101,-0.03327545629072093,0.7010727251627936,0,3.5e-5,0.021335,3.5e-5,TRUE,TRUE,TRUE,4,Queens,MASPETH,MASPETH
4,Queens,4420,prediction,GROSSCON,8,1.0162,0.875588986845078,0.6059954102122779,5.507376733763295,1.0103263664542608,-0.12962145782239462,1.1844852547530347,0.1264288586363375,0.11341423797093278,-0.013014620665404849,0.8970597314111618,0.0012614,0.0016777,0.5224445,0.0016777,TRUE,TRUE,TRUE,4,Queens,MIDDLE VIL,MIDDLE VILLAGE
4,Queens,4440,prediction,GROSSCON,376,1.0049,0.8437661332416639,0.7793555888817573,6.0645489835268735,1.0079060527587211,-0.09166772999034573,1.1128831390882197,0.11342830898344086,0.09219587589680331,-0.02123243308663763,0.8128118696564799,0,0,0,0,TRUE,TRUE,TRUE,4,Queens,OAKLND GDN,OAKLAND GARDENS
4,Queens,4460,prediction,GROSSCON,55,1.0087,0.5890486836020272,0.5454103619327973,8.742966636821944,1.0135116995939992,-0.2252598553336102,1.4629836571599404,0.1015582048669519,0.052960302937443096,-0.04859790192950879,0.5214773440198622,0,0,0,0,TRUE,TRUE,TRUE,4,Queens,QUEENS VIL,QUEENS VILLAGE
4,Queens,4470,prediction,GROSSCON,423,1.0013,0.8906226493813689,0.8400031951624395,7.904263055089657,1.014889389465004,-0.08372191062797016,1.1473225428886862,0.1713160559885075,0.14279657050860817,-0.028519485479899576,0.8335270718477613,0,0,0,0,TRUE,TRUE,TRUE,4,Queens,REGO PARK,REGO PARK
4,Queens,4480,prediction,GROSSCON,9,1.0195,0.752777065411568,0.15269048795988988,7.763322313536116,1.0153700373995362,-0.22874107379041492,1.2972440916255066,0.11605906783571761,0.05952048414054871,-0.05653858369516888,0.5128464776642911,0.0060016,0.0650445,0.0161003,0.0650445,TRUE,TRUE,TRUE,4,Queens,RICHMND HL,RICHMOND HILL
4,Queens,4500,prediction,GROSSCON,31,1.0058,0.9134254684615377,0.7561209218362149,7.003305604722931,1.0150417580139217,-0.10295811289339946,1.2431031910173194,0.1643161043009394,0.1273073414180854,-0.03700876288285401,0.7747709328899761,0,2e-7,6.95e-5,2e-7,TRUE,TRUE,TRUE,4,Queens,ROCKAWY PK,ROCKAWAY PARK
4,Queens,4560,prediction,GROSSCON,146,1.0091,0.9085576774809061,0.8766199423834373,6.486639224042127,1.0124671631249569,-0.09469393987929287,1.1586950993714888,0.15080057632529628,0.12524149662975062,-0.02555907969554566,0.8305107293462092,0,0,0,0,TRUE,TRUE,TRUE,4,Queens,SUNNYSIDE,SUNNYSIDE
4,Queens,4570,prediction,GROSSCON,6,,,,,,,,,,,,,,,,,,,4,Queens,WHITESTONE,WHITESTONE
4,Queens,4590,prediction,GROSSCON,198,1.0043,0.8558238221239478,0.8644233286786394,9.137822337395237,1.021548500619164,-0.10247715448170316,1.1578596909258332,0.18732231401504232,0.1539225002932091,-0.03339981372183305,0.8216986913841404,0,0,0,0,TRUE,TRUE,TRUE,4,Queens,WOODSIDE,WOODSIDE
5,Staten Island,5031,prediction,GROSSCON,10,0.9753,0.43113750459803396,0.349841978062837,13.193287791576621,1.0294100537690187,-0.45842711071033154,2.037409315409982,0.13237561886210542,0.0406037205163667,-0.09177189834573862,0.3067311100442396,1.3e-5,0.0850334,0.0012154,0.0850334,TRUE,TRUE,TRUE,5,Staten Island,ARROC-SHOR,ARROCHAR-SHORE ACRES
5,Staten Island,5070,prediction,GROSSCON,27,1.0226,0.8450026934828478,0.8303896116015602,10.291522791815082,1.0190098638085243,-0.07943397048378442,1.0305972785932516,0.19022425287125896,0.16610842245621493,-0.02411583041504393,0.8732242074759778,0,0,0.0752388,0,TRUE,TRUE,TRUE,5,Staten Island,CLOVE LAKE,CLOVE LAKES
5,Staten Island,5130,prediction,GROSSCON,11,0.987,0.8419021983533245,0.6305748211228654,5.846474328412856,1.0090775211550043,-0.14982780549536676,1.2145541095509,0.10415224913494812,0.0774568605433844,-0.026695388591563618,0.7436887939215324,6.79e-5,0.0041526,0.0522316,0.0041526,TRUE,TRUE,TRUE,5,Staten Island,GRANT CITY,GRANT CITY
5,Staten Island,5150,prediction,GROSSCON,12,0.9969,0.829563921349959,0.803563196311948,5.555603885657527,1.005395362128905,-0.13837588403582313,1.2690659182305275,0.08817728671675111,0.06383548127744304,-0.024341805439308084,0.7239447215301549,4e-7,2.616e-4,0.0105476,2.616e-4,TRUE,TRUE,TRUE,5,Staten Island,GREAT KILL,GREAT KILLS
5,Staten Island,5151,prediction,GROSSCON,14,0.9726,0.7824274292790782,0.5452528653853649,7.313182590615954,1.0128604076900996,-0.23564776659061168,1.2613248925055924,0.1148140385197605,0.07531089752778428,-0.03950314099197632,0.6559380586096418,0,1.087e-4,0.0063717,1.087e-4,TRUE,TRUE,TRUE,5,Staten Island,GRT K-BTER,GREAT KILLS-BAY TERRACE
5,Staten Island,5160,prediction,GROSSCON,12,0.9799,0.7451537950657077,0.552847521482208,6.6457662204648615,1.0088304293537078,-0.3184761910146042,1.8459274713806293,0.08712796413331164,0.046277544716760606,-0.04085041941655101,0.5311445662376882,9e-7,0.0021508,0.0012159,0.0021508,TRUE,TRUE,TRUE,5,Staten Island,GRYMES HIL,GRYMES HILL
5,Staten Island,5190,prediction,GROSSCON,7,,,,,,,,,,,,,,,,,,,5,Staten Island,LIVINGSTON,LIVINGSTON
5,Staten Island,5230,prediction,GROSSCON,22,0.9865,0.8132884403059242,0.8020224860247471,8.146279602000646,1.0111645616898934,-0.11247587278456607,1.1864649648566556,0.13521777226096163,0.11355677126627409,-0.021661000994687533,0.8398065532918018,0,0,0.0277596,0,TRUE,TRUE,TRUE,5,Staten Island,NEW BRIGHT,NEW BRIGHTON
5,Staten Island,5231,prediction,GROSSCON,34,0.9845,0.9136804073406614,0.8801517928210508,9.885305537384946,1.0159904577022505,-0.04267670877168784,1.1045680931889077,0.22440323116531838,0.20304665644294184,-0.02135657472237652,0.9048294687582149,0,0,0.0670254,0,TRUE,TRUE,TRUE,5,Staten Island,NEWBR-ST.G,NEW BRIGHTON-ST. GEORGE
5,Staten Island,5320,prediction,GROSSCON,20,0.9801,0.900106856520925,0.5176991371507162,6.193483118167168,1.0101711348644133,-0.11255025267589065,1.2492692613225291,0.14139748342165542,0.1192162279614467,-0.022181255460208667,0.8431283575672781,0,2.5e-5,0.0473346,2.5e-5,TRUE,TRUE,TRUE,5,Staten Island,ROSEBANK,ROSEBANK
5,Staten Island,5420,prediction,GROSSCON,3,,,,,,,,,,,,,,,,,,,5,Staten Island,W NEW BRIG,WEST NEW BRIGHTON
