boro,borodecile,predicted,n,median_sales_ratio,r,spearmans,cod,prd,prb,clapp,gini,ci,ki,mki,accuracy,uniformity,vertical_equity,actual
1,All,unlogpred,10011,0.9977,0.972654275,0.979351725,7.130948496,1.013522472,-0.010689262,1.018511119,0.420257559,0.411782182,-0.008475377,0.979832898,TRUE,TRUE,TRUE,jitterg
2,All,unlogpred,822,0.9793,0.962731593,0.793680195,8.681096933,1.014492175,-0.041713694,1.097345573,0.245935902,0.221093505,-0.024842397,0.898988326,TRUE,TRUE,TRUE,jitterg
3,All,unlogpred,5271,0.9966,0.964984734,0.972401948,6.317268072,1.012891609,-0.016779488,1.022193901,0.314001729,0.303409532,-0.010592198,0.966267072,TRUE,TRUE,TRUE,jitterg
4,All,unlogpred,3137,0.9923,0.964764097,0.95127803,5.529900436,1.007837893,-0.02640049,1.035131251,0.218658655,0.20841813,-0.010240524,0.953166617,TRUE,TRUE,TRUE,jitterg
5,All,unlogpred,257,0.978,0.837357434,0.881020415,8.012990236,1.015893935,-0.049567299,1.050536404,0.183442771,0.162816308,-0.020626463,0.887559142,TRUE,TRUE,TRUE,jitterg
1,1,unlogpred,1002,1.0196,0.48700253,0.6531716,6.53228538,1.001446328,0.189334887,0.886011893,0.067281463,0.06097457,-0.006306893,0.906261053,TRUE,TRUE,TRUE,jitterg
1,2,unlogpred,1001,1.019,0.283713309,0.366933019,6.569321476,1.000159967,0.495785885,0.642120586,0.036571916,0.035032034,-0.001539882,0.957894414,TRUE,TRUE,TRUE,jitterg
1,3,unlogpred,1001,1.0158,0.168895776,0.334460082,7.067183321,0.999729197,0.780155485,0.581785235,0.034100656,0.036790828,0.002690172,1.078889159,TRUE,TRUE,TRUE,jitterg
1,4,unlogpred,1001,0.9994,0.228824708,0.261017253,6.956483349,1.00025614,0.567582959,0.578045602,0.032672323,0.029955902,-0.002716421,0.916858659,TRUE,TRUE,TRUE,jitterg
1,5,unlogpred,1001,0.9887,0.229160177,0.262266399,6.788941707,1.000159287,0.592998068,0.560177542,0.030696561,0.028902651,-0.001793911,0.941559886,TRUE,TRUE,TRUE,jitterg
1,6,unlogpred,1001,0.989,0.284509795,0.35071202,7.179337911,0.999764466,0.580275213,0.566070851,0.035025375,0.037353147,0.002327772,1.066459592,TRUE,TRUE,TRUE,jitterg
1,7,unlogpred,1001,0.9953,0.308366663,0.346332028,7.065877531,1.000153299,0.473160323,0.607555534,0.037801289,0.036604982,-0.001196307,0.968352746,TRUE,TRUE,TRUE,jitterg
1,8,unlogpred,1001,0.9842,0.336599836,0.42229553,6.790296105,1.0002355,0.419093131,0.683314291,0.043069097,0.0413337,-0.001735397,0.959706676,TRUE,TRUE,TRUE,jitterg
1,9,unlogpred,1001,0.9849,0.522716905,0.580586712,7.554943282,0.999726605,0.274998321,0.753734551,0.063355009,0.064858561,0.001503552,1.023732172,TRUE,TRUE,TRUE,jitterg
1,10,unlogpred,1001,0.9807,0.877148462,0.859480866,7.639700417,1.0030249,0.023364205,0.97976431,0.177457728,0.171870025,-0.005587703,0.968512485,TRUE,TRUE,TRUE,jitterg
2,1,unlogpred,83,1.1025,0.060333642,0.067579045,9.452264666,1.003322306,0.516079352,0.745671119,0.0406652,0.013746093,-0.026919107,0.338030873,FALSE,TRUE,TRUE,jitterg
2,2,unlogpred,83,1.0384,0.004376018,0.003145524,7.055200722,1.000401173,1.18276197,0.224746886,0.01307142,0.004456743,-0.008614677,0.34095324,TRUE,TRUE,TRUE,jitterg
2,3,unlogpred,82,1.0334,0.010650205,0.026876427,6.193803756,1.000097166,1.28300056,0.203425684,0.008600981,0.004475107,-0.004125874,0.520301898,TRUE,TRUE,TRUE,jitterg
2,4,unlogpred,82,0.9797,6.08E-05,0.000467675,6.806594209,1.000276952,1.305927907,0.231295461,0.009274231,-0.002242497,-0.011516728,-0.241798686,TRUE,TRUE,TRUE,jitterg
2,5,unlogpred,82,0.9829,0.015890509,0.019513731,6.72106777,1.000842831,1.286882588,0.39418506,0.013546547,-0.00928312,-0.022829667,-0.68527574,TRUE,TRUE,TRUE,jitterg
2,6,unlogpred,82,0.9498,0.143885571,0.153166499,7.063934911,1.000098489,0.788967288,0.423807974,0.022549384,0.021218503,-0.001330881,0.940979286,TRUE,TRUE,TRUE,jitterg
2,7,unlogpred,82,0.9222,0.006597023,0.00018538,6.838633659,1.001049531,1.133073015,0.406966426,0.01678175,-0.0040631,-0.02084485,-0.24211421,TRUE,TRUE,TRUE,jitterg
2,8,unlogpred,82,0.9168,0.015751267,0.026005735,8.262243353,1.000297326,1.168624713,0.278774679,0.01441566,0.007557485,-0.006858175,0.524255187,TRUE,TRUE,TRUE,jitterg
2,9,unlogpred,82,0.9243,0.452348185,0.495597243,8.078061349,0.999506275,0.389225976,0.626365455,0.050366728,0.054495538,0.00412881,1.081974946,TRUE,TRUE,TRUE,jitterg
2,10,unlogpred,82,0.9598,0.933614972,0.92271287,6.289842059,0.999677899,0.025784914,0.963725032,0.171176808,0.172774196,0.001597388,1.0093318,TRUE,TRUE,TRUE,jitterg
3,1,unlogpred,528,1.0247,0.224904374,0.638297691,8.13002196,1.011752239,0.342880646,0.969090424,0.088607181,0.064330616,-0.024276564,0.72602035,TRUE,TRUE,TRUE,jitterg
3,2,unlogpred,527,1.0086,0.198714714,0.48296903,5.330629885,1.000213013,0.652890303,0.710195287,0.035052497,0.033309882,-0.001742615,0.95028556,TRUE,TRUE,TRUE,jitterg
3,3,unlogpred,527,1.0051,0.328929804,0.448245069,5.081417937,0.999640951,0.576566606,0.602365787,0.027344676,0.0318322,0.004487524,1.164109594,TRUE,TRUE,TRUE,jitterg
3,4,unlogpred,527,0.9997,0.264733909,0.321903521,5.732060239,0.999990991,0.572353263,0.568294409,0.028126345,0.028234759,0.000108413,1.00385451,TRUE,TRUE,TRUE,jitterg
3,5,unlogpred,527,1.0026,0.288859122,0.352009271,5.418419258,0.999689774,0.640597536,0.507867073,0.024463018,0.028643321,0.004180303,1.170882549,TRUE,TRUE,TRUE,jitterg
3,6,unlogpred,527,0.9955,0.152995866,0.183773204,6.306802987,1.00057128,0.632721414,0.574935803,0.028170003,0.022078029,-0.006091974,0.783742521,TRUE,TRUE,TRUE,jitterg
3,7,unlogpred,527,0.9811,0.230237677,0.264732112,5.945037086,1.000054004,0.613265215,0.522514296,0.025913418,0.025178083,-0.000735336,0.971623369,TRUE,TRUE,TRUE,jitterg
3,8,unlogpred,527,0.9775,0.243591023,0.35358937,5.994345672,1.000479141,0.499417789,0.668816859,0.034928686,0.0303113,-0.004617385,0.867805348,TRUE,TRUE,TRUE,jitterg
3,9,unlogpred,527,0.9924,0.445147358,0.475462115,6.424779189,0.99981209,0.357546192,0.678291963,0.04394711,0.045304864,0.001357754,1.030895177,TRUE,TRUE,TRUE,jitterg
3,10,unlogpred,527,0.9716,0.775924313,0.76465295,7.116290478,1.002290038,0.051789241,0.945803799,0.108976918,0.101893414,-0.007083503,0.934999969,TRUE,TRUE,TRUE,jitterg
4,1,unlogpred,314,1.0359,0.520961384,0.570337987,7.376948989,1.003719041,0.078619042,0.909621915,0.07407074,0.062199488,-0.011871253,0.839730878,TRUE,TRUE,TRUE,jitterg
4,2,unlogpred,314,1.0191,0.09336318,0.14032435,6.182099704,1.000268731,0.8687593,0.492610659,0.021669609,0.017315562,-0.004354047,0.799071256,TRUE,TRUE,TRUE,jitterg
4,3,unlogpred,314,1.0008,0.068533682,0.129480774,4.906179813,1.000275499,0.866328462,0.50208533,0.016376306,0.010678881,-0.005697425,0.652093395,TRUE,FALSE,TRUE,jitterg
4,4,unlogpred,314,0.9859,0.035037735,0.048675772,4.919619781,1.000324655,0.921900963,0.437509758,0.014537775,0.007201333,-0.007336442,0.495353147,TRUE,FALSE,TRUE,jitterg
4,5,unlogpred,314,0.9895,0.164644218,0.176286729,5.169306173,0.999905385,0.851710959,0.389764919,0.015142598,0.017448301,0.002305703,1.152266022,TRUE,TRUE,TRUE,jitterg
4,6,unlogpred,314,0.9814,0.074628861,0.129565779,5.167193178,1.000126089,0.960205713,0.433563984,0.015003977,0.012222047,-0.00278193,0.814587132,TRUE,TRUE,TRUE,jitterg
4,7,unlogpred,314,0.9853,0.128906035,0.181268252,3.985779213,1.000036314,0.829554607,0.442251984,0.013813068,0.013036922,-0.000776146,0.943810728,TRUE,FALSE,TRUE,jitterg
4,8,unlogpred,313,0.9818,0.297418627,0.314584631,4.884832209,0.999939704,0.539388833,0.551153186,0.023298935,0.024128269,0.000829334,1.035595374,TRUE,FALSE,TRUE,jitterg
4,9,unlogpred,313,0.9963,0.436129214,0.455656214,5.529608523,1.000401324,0.268439751,0.74424371,0.040432585,0.038243693,-0.002188892,0.945863171,TRUE,TRUE,TRUE,jitterg
4,10,unlogpred,313,0.976,0.808756166,0.787704692,4.486549747,1.000089006,0.073875966,0.914752547,0.077142585,0.076009,-0.001133585,0.985305329,TRUE,FALSE,TRUE,jitterg
5,1,unlogpred,26,1.0439,0.476535432,0.423278136,9.833236992,1.003002549,0.169410211,0.772093218,0.079562528,0.063006853,-0.016555675,0.791916179,TRUE,TRUE,TRUE,jitterg
5,2,unlogpred,26,1.0083,0.259281753,0.183506056,5.586511464,0.999734007,0.664006965,0.513730689,0.020302115,0.021105136,0.000803021,1.039553578,TRUE,TRUE,TRUE,jitterg
5,3,unlogpred,26,1.0098,0.038235874,0.064177778,3.92171801,1.000063477,1.056600728,0.232663639,0.008381368,0.006717214,-0.001664154,0.80144604,TRUE,FALSE,TRUE,jitterg
5,4,unlogpred,26,0.9518,0.061446964,0.084646183,5.410604466,0.999939286,1.195114731,0.183863425,0.007179788,0.009724269,0.002544481,1.354395089,TRUE,TRUE,TRUE,jitterg
5,5,unlogpred,26,0.9687,0.237535814,0.262634349,4.864673133,0.999752839,0.885126246,0.340464515,0.012187192,0.018652896,0.006465704,1.530532742,TRUE,FALSE,TRUE,jitterg
5,6,unlogpred,26,0.934,0.03533039,0.083852319,6.080260296,1.000063008,1.170284679,0.267919659,0.011404057,0.009755595,-0.001648462,0.855449487,TRUE,TRUE,TRUE,jitterg
5,7,unlogpred,26,0.9503,0.182758742,0.148455431,8.506125124,0.999030415,1.284442429,0.175818021,0.013014777,0.035361091,0.022346314,2.716995534,TRUE,TRUE,TRUE,jitterg
5,8,unlogpred,25,1.0044,0.018337158,0,10.27507486,1.001479242,1.378033921,0.22339778,0.017284861,-0.00670343,-0.023988291,-0.387820867,TRUE,TRUE,TRUE,jitterg
5,9,unlogpred,25,0.971,0.167713129,0.225990533,4.382037266,1.000105678,0.68802842,0.720600991,0.018292504,0.016010233,-0.002282271,0.875234626,TRUE,FALSE,TRUE,jitterg
5,10,unlogpred,25,0.9175,0.526160069,0.380594083,13.51201475,1.013797758,-0.00457642,0.864984484,0.132922276,0.100151671,-0.032770605,0.753460395,TRUE,TRUE,TRUE,jitterg
