grosscondecile,predicted,actual,n,median_sales_ratio,r,spearmans,cod,prd,prb,clapp,gini,ci,ki,mki,accuracy,uniformity,vertical_equity,boro
All,unlogpred,grosscon,10011,1.0136,0.972501175,0.979203067,7.229218564,1.012964514,-0.009661995,1.017288507,0.42025797,0.412031621,-0.00822635,0.980425476,TRUE,TRUE,TRUE,1
1,unlogpred,grosscon,1002,1.0296,0.478151371,0.641296725,6.75469527,1.001321441,0.20704787,0.856122397,0.067283562,0.061647596,-0.005635966,0.916235619,TRUE,TRUE,TRUE,1
2,unlogpred,grosscon,1001,1.0365,0.281762798,0.357051735,6.786236813,1.000096435,0.510404813,0.625357769,0.03658012,0.035490117,-0.001090003,0.970202324,TRUE,TRUE,TRUE,1
3,unlogpred,grosscon,1001,1.0308,0.17183276,0.324147872,7.191272212,0.999731267,0.772845707,0.577944665,0.03407402,0.036610391,0.002536371,1.074437105,TRUE,TRUE,TRUE,1
4,unlogpred,grosscon,1001,1.0179,0.221127706,0.250179363,7.098212508,1.000281527,0.576542966,0.571557227,0.032650412,0.029784192,-0.00286622,0.912214885,TRUE,TRUE,TRUE,1
5,unlogpred,grosscon,1001,1.0054,0.239042499,0.267867719,6.797331896,1.000089197,0.593487697,0.56507582,0.030683593,0.029722437,-0.000961156,0.968675259,TRUE,TRUE,TRUE,1
6,unlogpred,grosscon,1001,1.0061,0.275003762,0.329934078,7.446498746,0.999794057,0.589354254,0.548893395,0.035024793,0.036924254,0.001899461,1.054231902,TRUE,TRUE,TRUE,1
7,unlogpred,grosscon,1001,1.0126,0.305611197,0.337744665,7.050441205,1.000219772,0.465340913,0.593998891,0.037798912,0.03599927,-0.001799642,0.95238905,TRUE,TRUE,TRUE,1
8,unlogpred,grosscon,1001,1.0007,0.344990236,0.43100747,6.766118943,1.000204827,0.413176255,0.688979143,0.043064286,0.041491727,-0.001572559,0.963483464,TRUE,TRUE,TRUE,1
9,unlogpred,grosscon,1001,1,0.523092795,0.580269422,7.530323781,0.999847671,0.268188346,0.757405336,0.063355817,0.064127527,0.00077171,1.012180568,TRUE,TRUE,TRUE,1
10,unlogpred,grosscon,1001,0.994,0.87639504,0.860203204,7.824606757,1.002432397,0.027975167,0.971851616,0.177459997,0.172988183,-0.004471814,0.974801003,TRUE,TRUE,TRUE,1
All,unlogpred,grosscon,822,0.8904,0.953932153,0.766305227,9.476406875,1.017794022,-0.049818499,1.110814898,0.245984482,0.216820746,-0.029163736,0.881440747,FALSE,TRUE,TRUE,2
1,unlogpred,grosscon,83,1.0348,0.014068931,0.000738175,10.09232241,1.004643825,0.569671265,0.65157087,0.040535471,0.007787506,-0.032747965,0.192115832,TRUE,TRUE,TRUE,2
2,unlogpred,grosscon,83,0.954,0.00446938,0.000584379,6.507921722,1.000332152,1.192662783,0.284018316,0.011596766,0.000449021,-0.011147745,0.038719513,TRUE,TRUE,TRUE,2
3,unlogpred,grosscon,82,0.9267,0.002618809,0.000123646,5.848264505,1.000241904,1.365107844,0.218316609,0.007321003,-0.004943672,-0.012264675,-0.675272391,TRUE,TRUE,TRUE,2
4,unlogpred,grosscon,82,0.8863,0.000201708,0.008258248,5.06715226,1.000269564,1.347911047,0.249919546,0.008622953,-0.001069759,-0.009692713,-0.124059481,FALSE,TRUE,TRUE,2
5,unlogpred,grosscon,82,0.8911,0.006439799,0.020114937,7.279015556,1.000330488,1.233155994,0.271389291,0.012063866,0.004730235,-0.007333631,0.392099446,FALSE,TRUE,TRUE,2
6,unlogpred,grosscon,82,0.8636,0.054824899,0.097960453,7.970201304,1.000536413,0.942477873,0.381316616,0.022808246,0.015501081,-0.007307165,0.67962618,FALSE,TRUE,TRUE,2
7,unlogpred,grosscon,82,0.8182,0.005534359,0.000104536,8.273658239,1.001088014,1.247671953,0.314138585,0.016727027,-0.004558588,-0.021285615,-0.272528308,FALSE,TRUE,TRUE,2
8,unlogpred,grosscon,82,0.8264,0.022235819,0.048716688,8.659763758,1.000156107,1.214728887,0.229952163,0.013678609,0.012913703,-0.000764906,0.94408016,FALSE,TRUE,TRUE,2
9,unlogpred,grosscon,82,0.8474,0.400287304,0.426203813,9.032981564,0.999354853,0.457337362,0.597259671,0.050475507,0.05555744,0.005081934,1.10068118,FALSE,TRUE,TRUE,2
10,unlogpred,grosscon,82,0.8703,0.91839429,0.909859586,6.202001852,1.000684558,0.023676703,0.963277991,0.171491326,0.170533596,-0.00095773,0.994415285,FALSE,TRUE,TRUE,2
All,unlogpred,grosscon,5271,0.9837,0.966397624,0.974021693,6.187203029,1.013208636,-0.018065227,1.023891468,0.314000734,0.303092411,-0.010908323,0.965260199,TRUE,TRUE,TRUE,3
1,unlogpred,grosscon,528,1.0141,0.224073277,0.644636846,8.170987153,1.0117253,0.343075446,0.97988478,0.088611762,0.0644274,-0.024184362,0.727075037,TRUE,TRUE,TRUE,3
2,unlogpred,grosscon,527,0.9985,0.209909572,0.488829531,5.119276387,1.000272076,0.61191632,0.72226028,0.034948676,0.032599617,-0.002349059,0.932785469,TRUE,TRUE,TRUE,3
3,unlogpred,grosscon,527,0.9919,0.344852162,0.476394885,4.870332393,0.999634952,0.557502665,0.607199013,0.027334374,0.031767653,0.00443328,1.162186981,TRUE,FALSE,TRUE,3
4,unlogpred,grosscon,527,0.9887,0.267524937,0.333248107,5.468897062,1.000064168,0.541681294,0.602550698,0.02816042,0.027262366,-0.000898053,0.968109377,TRUE,TRUE,TRUE,3
5,unlogpred,grosscon,527,0.9891,0.274758938,0.343388413,5.267440832,0.999804783,0.623162546,0.530273887,0.024461961,0.02685447,0.002392508,1.097805247,TRUE,TRUE,TRUE,3
6,unlogpred,grosscon,527,0.9806,0.162770762,0.210444668,6.100139791,1.000613708,0.588502672,0.591935947,0.02813998,0.022097777,-0.006042203,0.785280481,TRUE,TRUE,TRUE,3
7,unlogpred,grosscon,527,0.9647,0.222373619,0.248681841,5.812853601,1.000128749,0.604732749,0.538456183,0.025916588,0.023879729,-0.002036859,0.921407125,TRUE,TRUE,TRUE,3
8,unlogpred,grosscon,527,0.9645,0.254545327,0.379804217,5.766776111,1.000419687,0.492854227,0.695625722,0.034906467,0.030758851,-0.004147616,0.881179163,TRUE,TRUE,TRUE,3
9,unlogpred,grosscon,527,0.9807,0.445666454,0.475470706,6.319714474,0.999925771,0.340147804,0.67947468,0.043963388,0.044350073,0.000386685,1.008795607,TRUE,TRUE,TRUE,3
10,unlogpred,grosscon,527,0.9577,0.784714108,0.774535951,6.878105584,1.002160408,0.048723999,0.949204783,0.108970338,0.102069436,-0.006900902,0.936671742,TRUE,TRUE,TRUE,3
All,unlogpred,grosscon,3137,0.971,0.964637889,0.951296644,5.503588708,1.00752178,-0.024892023,1.033613553,0.218622638,0.208903732,-0.009718906,0.955544832,TRUE,TRUE,TRUE,4
1,unlogpred,grosscon,314,1.0125,0.529329554,0.574462009,7.316738996,1.003759241,0.06948584,0.91711196,0.073962432,0.061913503,-0.012048929,0.837093931,TRUE,TRUE,TRUE,4
2,unlogpred,grosscon,314,0.9959,0.08836952,0.137522168,6.330724812,1.000283281,0.886185109,0.500325749,0.021697969,0.017174083,-0.004523886,0.791506475,TRUE,TRUE,TRUE,4
3,unlogpred,grosscon,314,0.9733,0.065584332,0.121576813,5.00263819,1.000279917,0.879171067,0.501957156,0.01630273,0.010586028,-0.005716702,0.649340825,TRUE,TRUE,TRUE,4
4,unlogpred,grosscon,314,0.9658,0.034096599,0.049799798,4.768750433,1.000326735,0.919210176,0.47238517,0.014463407,0.007028328,-0.007435079,0.485938607,TRUE,FALSE,TRUE,4
5,unlogpred,grosscon,314,0.9665,0.161569153,0.175916223,5.021944792,0.99992197,0.846000429,0.394384051,0.015025437,0.016868796,0.001843359,1.122682537,TRUE,TRUE,TRUE,4
6,unlogpred,grosscon,314,0.9617,0.071086125,0.131562192,5.150201398,1.000133619,0.968562047,0.435879042,0.014921968,0.01184587,-0.003076098,0.793854404,TRUE,TRUE,TRUE,4
7,unlogpred,grosscon,314,0.9645,0.113082604,0.15222262,4.145653516,1.000065314,0.848702883,0.444395384,0.013833246,0.012465815,-0.001367431,0.901148926,TRUE,FALSE,TRUE,4
8,unlogpred,grosscon,313,0.9582,0.296800204,0.328125543,4.66989241,0.99996898,0.528934057,0.572343785,0.023173348,0.023584423,0.000411075,1.017739125,TRUE,FALSE,TRUE,4
9,unlogpred,grosscon,313,0.9788,0.427258188,0.445468606,5.558329414,1.000369694,0.281492654,0.735333946,0.040359124,0.03846637,-0.001892754,0.953102206,TRUE,TRUE,TRUE,4
10,unlogpred,grosscon,313,0.9551,0.806729322,0.788734225,4.489011574,1.000194433,0.071712713,0.917412815,0.07711941,0.075712896,-0.001406515,0.981761861,TRUE,FALSE,TRUE,4
All,unlogpred,jitterg,3137,0.9711,0.964638875,0.951258387,5.502386948,1.007522604,-0.024890929,1.034065628,0.218624513,0.20890418,-0.009720334,0.955538684,TRUE,TRUE,TRUE,5
1,unlogpred,jitterg,314,1.0124,0.529176449,0.572079577,7.319299213,1.003758708,0.069612869,0.918440133,0.073956457,0.062120481,-0.011835976,0.839960203,TRUE,TRUE,TRUE,5
2,unlogpred,jitterg,314,0.9962,0.088146569,0.137076821,6.329261762,1.000283813,0.886459548,0.501578718,0.021690647,0.017079375,-0.004611272,0.78740734,TRUE,TRUE,TRUE,5
3,unlogpred,jitterg,314,0.9731,0.065890907,0.120130453,5.001445583,1.000279117,0.878758283,0.49470439,0.016312848,0.010453731,-0.005859117,0.640828087,TRUE,TRUE,TRUE,5
4,unlogpred,jitterg,314,0.9659,0.033968591,0.049194698,4.768267269,1.000326501,0.91987183,0.484207595,0.014453488,0.006962914,-0.007490574,0.481746272,TRUE,FALSE,TRUE,5
5,unlogpred,jitterg,314,0.9665,0.161943833,0.175924646,5.021708866,0.999921075,0.845785682,0.394559083,0.015027472,0.016920173,0.001892701,1.125949388,TRUE,TRUE,TRUE,5
6,unlogpred,jitterg,314,0.9617,0.071089495,0.131779881,5.150938045,1.000133593,0.968527907,0.447590064,0.014925536,0.01201483,-0.002910707,0.804984794,TRUE,TRUE,TRUE,5
7,unlogpred,jitterg,314,0.9644,0.112989699,0.151183857,4.146962802,1.00006543,0.848924979,0.445530307,0.013832813,0.012314018,-0.001518795,0.890203431,TRUE,FALSE,TRUE,5
8,unlogpred,jitterg,313,0.9581,0.296695137,0.327978569,4.670379247,0.999969988,0.528712275,0.569180027,0.023184807,0.023607337,0.00042253,1.018224441,TRUE,FALSE,TRUE,5
9,unlogpred,jitterg,313,0.9789,0.427327552,0.445032952,5.556943475,1.00036962,0.281427241,0.733959103,0.04036247,0.038515964,-0.001846506,0.954251908,TRUE,TRUE,TRUE,5
10,unlogpred,jitterg,313,0.9553,0.80673288,0.788858924,4.488263777,1.000194881,0.071677927,0.917458449,0.077121723,0.075721829,-0.001399894,0.98184825,TRUE,FALSE,TRUE,5
