"grosscondecile","predicted","actual","n","median_sales_ratio","r","spearmans","cod","prd","prb","clapp","gini","ci","ki","mki","accuracy","uniformity","vertical_equity","boro","cutoff"
"All","unlogpred","grosscon",10011,1.0136,0.98615474207442,0.989546899752184,7.22921856400458,1.01296451384865,-0.00966199547762114,1.01728850725639,0.420257970080615,0.412031620521787,-0.00822634955882817,0.980425476387158,TRUE,TRUE,TRUE,1,""
"1","unlogpred","grosscon",1002,1.0296,0.47815137129728,0.641296725229933,6.75469526996884,1.00132144065589,0.207047869898523,0.856122397153415,0.0672835617447968,0.0616475958493549,-0.00563596589544198,0.916235619083025,TRUE,TRUE,TRUE,1,"$701,342"
"2","unlogpred","grosscon",1001,1.0365,0.28176279843061,0.357051735095059,6.78623681264879,1.00009643527055,0.510404813220139,0.625357768950501,0.0365801200487724,0.0354901174711389,-0.0010900025776335,0.97020232366159,TRUE,TRUE,TRUE,1,"$880,000"
"3","unlogpred","grosscon",1001,1.0308,0.17183276008943,0.324147871660968,7.19127221209291,0.999731266775974,0.772845707320099,0.577944665483282,0.0340740196470454,0.0366103910185981,0.00253637137155271,1.07443710480377,TRUE,TRUE,TRUE,1,"$1,094,000"
"4","unlogpred","grosscon",1001,1.0179,0.221127706054089,0.250179363171041,7.09821250814711,1.00028152680841,0.576542965927106,0.571557226707121,0.0326504118016589,0.029784191662837,-0.00286622013882183,0.912214885489554,TRUE,TRUE,TRUE,1,"$1,325,000"
"5","unlogpred","grosscon",1001,1.0054,0.239042498520719,0.267867718902374,6.79733189552491,1.000089197408,0.593487697404933,0.565075819597517,0.0306835929548263,0.0297224373374923,-0.000961155617333943,0.968675258508709,TRUE,TRUE,TRUE,1,"$1,600,000"
"6","unlogpred","grosscon",1001,1.0061,0.275003761667617,0.32993407759709,7.44649874620099,0.999794057280812,0.58935425435224,0.548893394692877,0.0350247932654451,0.0369242544213478,0.00189946115590267,1.05423190199888,TRUE,TRUE,TRUE,1,"$1,975,000"
"7","unlogpred","grosscon",1001,1.0126,0.305611197206803,0.337744664662417,7.05044120478804,1.00021977196101,0.465340913201315,0.593998891182583,0.0377989122647415,0.0359992701495972,-0.00179964211514431,0.952389050178489,TRUE,TRUE,TRUE,1,"$2,495,000"
"8","unlogpred","grosscon",1001,1.0007,0.344990235810812,0.431007469908784,6.76611894264956,1.00020482747223,0.41317625483689,0.688979143272943,0.043064285639515,0.0414917271137317,-0.00157255852578331,0.963483464257436,TRUE,TRUE,TRUE,1,"$3,250,000"
"9","unlogpred","grosscon",1001,1,0.523092794839883,0.580269422162527,7.53032378085849,0.999847671036995,0.268188346100524,0.757405336302339,0.0633558171021686,0.064127526969773,0.000771709867604428,1.01218056846082,TRUE,TRUE,TRUE,1,"$4,775,000"
"10","unlogpred","grosscon",1001,0.994,0.876395040491584,0.860203204496557,7.82460675676401,1.00243239676996,0.0279751667704432,0.971851616432927,0.177459997136054,0.172988183144344,-0.00447181399171007,0.974801002682979,TRUE,TRUE,TRUE,1,"$14,995,000"
"All","unlogpred","grosscon",822,0.8904,0.976694503256469,0.875388614661594,9.4764068751695,1.01779402246987,-0.0498184990402866,1.11081489816273,0.245984482124182,0.216820745773217,-0.029163736350965,0.881440747403561,FALSE,TRUE,TRUE,2,""
"1","unlogpred","grosscon",83,1.0348,0.0140689306516538,0.000738174802991739,10.0923224123292,1.00464382492344,0.569671265065223,0.65157087006573,0.0405354706892574,0.00778750568595519,-0.0327479650033023,0.192115832221457,TRUE,TRUE,TRUE,2,"$165,000"
"2","unlogpred","grosscon",83,0.954,0.00446938025179,0.000584379111710903,6.50792172232752,1.00033215195298,1.192662783034,0.284018315704404,0.0115967658189383,0.000449021123125567,-0.0111477446958127,0.0387195128483397,TRUE,TRUE,TRUE,2,"$179,100"
"3","unlogpred","grosscon",82,0.9267,0.0026188093231131,0.000123645965902286,5.8482645051531,1.00024190417923,1.36510784417293,0.218316609478211,0.00732100349395377,-0.00494367153745609,-0.0122646750314099,-0.675272391488263,TRUE,TRUE,TRUE,2,"$187,000"
"4","unlogpred","grosscon",82,0.8863,0.000201708296322233,0.00825824785661345,5.0671522597388,1.00026956356111,1.34791104718696,0.249919546448964,0.00862295341103499,-0.0010697591250871,-0.00969271253612209,-0.124059481026315,FALSE,TRUE,TRUE,2,"$198,000"
"5","unlogpred","grosscon",82,0.8911,0.00643979869703319,0.0201149373897923,7.27901555574468,1.00033048833094,1.23315599366333,0.271389290890392,0.0120638661540885,0.00473023523884685,-0.00733363091524167,0.392099446266133,FALSE,TRUE,TRUE,2,"$215,000"
"6","unlogpred","grosscon",82,0.8636,0.0548248987268322,0.0979604531950855,7.97020130375608,1.00053641256114,0.942477872689239,0.381316615902577,0.0228082459084787,0.0155010810315874,-0.0073071648768913,0.679626179662727,FALSE,TRUE,TRUE,2,"$245,000"
"7","unlogpred","grosscon",82,0.8182,0.00553435899799537,0.00010453573238266,8.27365823858317,1.0010880139081,1.24767195253304,0.314138584926031,0.0167270267685433,-0.00455858829680717,-0.0212856150653505,-0.272528307623685,FALSE,TRUE,TRUE,2,"$270,000"
"8","unlogpred","grosscon",82,0.8264,0.0222358185402219,0.0487166878284692,8.65976375837726,1.00015610732749,1.21472888729243,0.229952162635773,0.013678608887758,0.0129137032691555,-0.00076490561860254,0.944080160133308,FALSE,TRUE,TRUE,2,"$290,000"
"9","unlogpred","grosscon",82,0.8474,0.400287303647066,0.426203813135901,9.03298156356717,0.999354853166466,0.457337361505205,0.597259671384597,0.0504755067024038,0.0555574402917029,0.00508193358929913,1.10068118026554,FALSE,TRUE,TRUE,2,"$399,800"
"10","unlogpred","grosscon",82,0.8703,0.918394289883897,0.909859585501941,6.20200185195773,1.00068455754275,0.0236767030318247,0.963277990646252,0.171491326062836,0.17053359592695,-0.000957730135886514,0.994415285263258,FALSE,TRUE,TRUE,2,"$1,094,619"
"All","unlogpred","grosscon",5271,0.9837,0.983055249853115,0.986925373329244,6.18720302896521,1.01320863600764,-0.0180652270393774,1.02389146793532,0.314000734064622,0.303092411172129,-0.0109083228924935,0.965260199390972,TRUE,TRUE,TRUE,3,""
"1","unlogpred","grosscon",528,1.0141,0.224073277038144,0.644636846270344,8.17098715330875,1.01172530038974,0.343075445787908,0.979884779510076,0.0886117623827211,0.0644274004112798,-0.0241843619714413,0.727075036979999,TRUE,TRUE,TRUE,3,"$497,000"
"2","unlogpred","grosscon",527,0.9985,0.209909571874569,0.488829531482365,5.11927638688031,1.00027207571221,0.611916319532308,0.722260279761245,0.0349486758841507,0.0325996170409259,-0.00234905884322474,0.932785469440631,TRUE,TRUE,TRUE,3,"$605,859"
"3","unlogpred","grosscon",527,0.9919,0.344852162388018,0.476394884584701,4.87033239340238,0.999634952221156,0.557502665181057,0.607199013012595,0.0273343736008763,0.0317676531310202,0.00443327953014384,1.1621869809375,TRUE,FALSE,TRUE,3,"$715,000"
"4","unlogpred","grosscon",527,0.9887,0.267524936809648,0.333248106812829,5.46889706182774,1.00006416834663,0.541681293714817,0.602550698110635,0.0281604197294265,0.0272623663871942,-0.000898053342232318,0.968109376534119,TRUE,TRUE,TRUE,3,"$850,000"
"5","unlogpred","grosscon",527,0.9891,0.274758938049786,0.343388413000138,5.26744083172519,0.999804783483727,0.623162546228692,0.530273886674052,0.0244619613323068,0.0268544695078144,0.00239250817550754,1.09780524721653,TRUE,TRUE,TRUE,3,"$980,000"
"6","unlogpred","grosscon",527,0.9806,0.162770761580091,0.210444667796081,6.10013979108845,1.00061370790127,0.588502671568575,0.591935947156581,0.028139980233303,0.0220977772043206,-0.00604220302898241,0.785280480693743,TRUE,TRUE,TRUE,3,"$1,149,095"
"7","unlogpred","grosscon",527,0.9647,0.222373619056205,0.248681840619938,5.81285360124245,1.0001287493057,0.604732748861785,0.538456183079058,0.0259165878722366,0.0238797287209628,-0.00203685915127381,0.921407124992106,TRUE,TRUE,TRUE,3,"$1,345,000"
"8","unlogpred","grosscon",527,0.9645,0.25454532722984,0.3798042173163,5.76677611116392,1.00041968718804,0.492854226820192,0.695625721661731,0.0349064668319752,0.0307588512153233,-0.0041476156166519,0.881179162685907,TRUE,TRUE,TRUE,3,"$1,650,000"
"9","unlogpred","grosscon",527,0.9807,0.445666454479965,0.475470706102008,6.31971447422598,0.999925771216761,0.340147804278753,0.679474680287926,0.0439633879001735,0.0443500725678299,0.000386684667656449,1.00879560666558,TRUE,TRUE,TRUE,3,"$2,150,000"
"10","unlogpred","grosscon",527,0.9577,0.784714107605627,0.77453595097822,6.87810558448199,1.00216040757265,0.0487239990988219,0.949204782879915,0.108970337723901,0.102069436112203,-0.0069009016116981,0.9366717424591,TRUE,TRUE,TRUE,3,"$4,300,000"
"All","unlogpred","grosscon",3137,0.971,0.982159808505435,0.975344372012885,5.50358870789938,1.0075217801165,-0.0248920227492593,1.03361355286493,0.218622638113603,0.208903731910343,-0.0097189062032601,0.955544831554865,TRUE,TRUE,TRUE,4,""
"1","unlogpred","grosscon",314,1.0125,0.529329553989875,0.574462009331613,7.31673899552254,1.00375924098934,0.0694858398213871,0.91711195976121,0.073962432375468,0.0619135032747216,-0.0120489291007464,0.837093931151691,TRUE,TRUE,TRUE,4,"$420,000"
"2","unlogpred","grosscon",314,0.9959,0.0883695199574918,0.137522168402105,6.33072481182352,1.00028328067424,0.8861851093969,0.500325749264726,0.0216979689937988,0.0171740829455911,-0.00452388604820777,0.791506474661261,TRUE,TRUE,TRUE,4,"$481,650"
"3","unlogpred","grosscon",314,0.9733,0.065584331830554,0.121576812836567,5.00263818959826,1.00027991657616,0.879171066867708,0.50195715630777,0.0163027304063035,0.0105860284197786,-0.00571670198652498,0.649340825490522,TRUE,TRUE,TRUE,4,"$531,527"
"4","unlogpred","grosscon",314,0.9658,0.0340965988749495,0.0497997980754167,4.76875043273228,1.00032673510986,0.919210175793426,0.472385169763537,0.014463406949571,0.00702832781859854,-0.00743507913097246,0.485938606519469,TRUE,FALSE,TRUE,4,"$580,000"
"5","unlogpred","grosscon",314,0.9665,0.161569152795828,0.175916222926021,5.02194479222571,0.999921970281729,0.846000428925814,0.394384051003237,0.015025437471532,0.0168687962596312,0.0018433587880992,1.1226825369705,TRUE,TRUE,TRUE,4,"$637,000"
"6","unlogpred","grosscon",314,0.9617,0.0710861247785655,0.131562191524227,5.15020139761051,1.00013361860678,0.968562046575941,0.435879041753723,0.01492196812677,0.0118458701156743,-0.00307609801109573,0.793854404126678,TRUE,TRUE,TRUE,4,"$700,000"
"7","unlogpred","grosscon",314,0.9645,0.113082604348108,0.152222619699864,4.14565351571655,1.00006531368163,0.848702883329391,0.444395383596296,0.0138332460887408,0.0124658148538557,-0.00136743123488512,0.901148925847701,TRUE,FALSE,TRUE,4,"$763,688"
"8","unlogpred","grosscon",313,0.9582,0.296800203748015,0.328125543191014,4.66989240992854,0.99996897999899,0.528934057320613,0.572343784933656,0.023173348155726,0.0235844230786991,0.000411074922973136,1.01773912514543,TRUE,FALSE,TRUE,4,"$880,000"
"9","unlogpred","grosscon",313,0.9788,0.427258187883401,0.445468606137703,5.5583294143553,1.00036969427186,0.281492654436966,0.735333945663703,0.040359123583523,0.0384663697361132,-0.00189275384740977,0.953102206407116,TRUE,TRUE,TRUE,4,"$1,141,000"
"10","unlogpred","grosscon",313,0.9551,0.806729321584418,0.788734224569668,4.48901157382834,1.00019443282856,0.0717127126287272,0.917412814784076,0.0771194100284372,0.0757128955227193,-0.00140651450571797,0.98176186118126,TRUE,FALSE,TRUE,4,"$1,975,000"
"All","unlogpred","grosscon",257,0.9439,0.9307160214923,0.933614865653346,8.45437854570995,1.01253264154701,-0.0315477736399201,1.01083299008001,0.183564681723616,0.167524843043633,-0.0160398386799828,0.912620235388564,TRUE,TRUE,TRUE,5,""
"1","unlogpred","grosscon",52,0.9857,0.514192733326886,0.407155530746186,9.3338155554373,1.00846193329757,-0.0161061746731534,0.960038883604956,0.0905473150359303,0.0620719898459856,-0.0284753251899447,0.685519938623853,TRUE,TRUE,TRUE,5,"$295,000"
"2","unlogpred","grosscon",52,0.9396,0.0337789013738988,0.0420704149150479,7.01033644322492,1.00041379728603,1.0140638670682,0.422811753312527,0.017189950968185,0.0121979625283848,-0.00499198843980016,0.709598448009579,TRUE,TRUE,TRUE,5,"$326,840"
"3","unlogpred","grosscon",51,0.9283,0.226233368910062,0.211163887805274,6.00075089089423,0.999861121364396,0.71172662525135,0.43145114663168,0.0210257348933486,0.0220726569868761,0.00104692209352752,1.04979241386035,TRUE,TRUE,TRUE,5,"$372,400"
"4","unlogpred","grosscon",51,0.9536,0.285815111347226,0.398290658551206,9.47966402204689,0.998982009615545,0.720262095170265,0.4947611875298,0.0343592032426384,0.0437369728562263,0.00937776961358789,1.27293326761287,TRUE,TRUE,TRUE,5,"$450,000"
"5","unlogpred","grosscon",51,0.9325,0.739435245902429,0.56693185692149,8.83888983592653,1.01295942884099,-0.050729805704279,1.1161591193758,0.145914068228081,0.114772203474775,-0.0311418647533059,0.786573939500971,TRUE,TRUE,TRUE,5,"$1,135,000"
