"nbhd","predicted","actual","n","median_sales_ratio","r","spearmans","cod","prd","prb","clapp","gini","ci","ki","mki","accuracy","uniformity","vertical_equity","boro"
"All","unlogpred","grosscon",10011,1.0135,0.986148561095692,0.989540959438159,7.23331917618296,1.01299294864774,-0.00971239616663061,1.0173574173848,0.420257970080615,0.412017859843047,-0.0082401102375681,0.980392732977824,TRUE,TRUE,TRUE,1
"1010","unlogpred","grosscon",53,1.0084,0.91104432069575,0.922801934159821,6.90455965771298,1.01494670184272,-0.0424148790383297,1.07161528583004,0.218215737719913,0.195722107652909,-0.022493630067004,0.896920220777682,TRUE,TRUE,TRUE,1
"1030","unlogpred","grosscon",732,1.0093,0.971403412487554,0.98101676647761,7.02512730302714,1.01570210603304,-0.011366129993501,1.01312401099819,0.403531962989568,0.392515921455614,-0.0110160415339545,0.972700944301061,TRUE,TRUE,TRUE,1
"1040","unlogpred","grosscon",72,1.0269,0.989239422399254,0.978968076825113,5.62924590130698,1.0065220002318,-0.00962844189058038,1.01719724164852,0.358602942578005,0.355237558746884,-0.00336538383112051,0.99061529220333,TRUE,TRUE,TRUE,1
"1050","unlogpred","grosscon",195,1.0175,0.978783247604206,0.972541630393127,5.83784154799631,1.00798227932966,-0.0123965720261895,1.01526199980197,0.301967515536918,0.295601066055539,-0.00636644948137888,0.978916773646798,TRUE,TRUE,TRUE,1
"1060","unlogpred","grosscon",233,1.0133,0.952732645638627,0.959894051818269,6.8440338837257,1.01152009684819,-0.0239894165553435,1.03682333074828,0.25614237729128,0.243346680961294,-0.012795696329986,0.950044594473975,TRUE,TRUE,TRUE,1
"1070","unlogpred","grosscon",101,1.0178,0.985698161432344,0.974006206414584,5.08547063680637,1.00689776506481,-0.0209336013153757,1.03996147948527,0.265704168673424,0.256780207390012,-0.0089239612834125,0.966413920684922,TRUE,TRUE,TRUE,1
"1080","unlogpred","grosscon",112,1.0274,0.934057777131041,0.934628597629412,5.61912587844427,1.01315046257035,-0.0272708105768207,1.0387651941752,0.236213656895751,0.217656858446838,-0.0185567984489136,0.921440619933744,TRUE,TRUE,TRUE,1
"1090","unlogpred","grosscon",408,1.0106,0.980951199526162,0.954485227042754,7.27683483896677,1.01023356982504,-0.0091202467871635,1.01063836916268,0.335781849265071,0.326248268227145,-0.00953358103792656,0.971607813052454,TRUE,TRUE,TRUE,1
"1100","unlogpred","grosscon",294,1.017,0.961213597699745,0.967520587730707,8.21221024505141,1.01287955941605,-0.0170859633371605,1.02439548185179,0.367305826985984,0.358162673024693,-0.0091431539612909,0.975107517252538,TRUE,TRUE,TRUE,1
"1110","unlogpred","grosscon",282,1.0138,0.959418351505504,0.956791486457972,7.23942788608068,1.01135025431754,-0.0154637854172425,1.02004807301022,0.305033668393658,0.295768682055002,-0.00926498633865686,0.969626348502946,TRUE,TRUE,TRUE,1
"1120","unlogpred","grosscon",149,1.011,0.976489068326298,0.97525506372221,7.21172058785876,1.01255759694988,-0.018171051230514,1.02720255641995,0.351709691019702,0.342834650956224,-0.00887504006347828,0.974766006481803,TRUE,TRUE,TRUE,1
"1121","unlogpred","grosscon",199,1.0151,0.959185497792916,0.963235529353853,9.17573229510697,1.01872398077591,-0.0166372009611692,1.02300190113729,0.411529336663821,0.400511186051372,-0.0110181506124489,0.973226330103777,TRUE,TRUE,TRUE,1
"1130","unlogpred","grosscon",421,1.0226,0.95958027455988,0.971670692380142,5.1582631918416,1.01053346038376,-0.0183050443896468,1.03428003367991,0.276218831031733,0.263936244483195,-0.0122825865485378,0.955533131095154,TRUE,TRUE,TRUE,1
"1131","unlogpred","grosscon",91,1.0171,0.966412829094539,0.942685700588923,4.67255433915282,1.00454538330624,-0.021487002765775,1.04512547010097,0.184789381176214,0.175872606960345,-0.00891677421586926,0.951746284558601,TRUE,FALSE,TRUE,1
"1132","unlogpred","grosscon",42,1.0159,0.932739132200994,0.882038856452881,5.28852860638007,1.00472999317243,-0.0360971911362842,1.07210855718113,0.135607728230761,0.124460241990837,-0.0111474862399241,0.9177960844462,TRUE,TRUE,TRUE,1
"1133","unlogpred","grosscon",7,1.0181,0.99813807106221,0.862244897959183,1.12553627352938,1.00195361553175,-0.0110451860253474,1.00443530527449,0.159249470036542,0.15621662090381,-0.00303284913273266,0.980955358080396,TRUE,FALSE,TRUE,1
"1140","unlogpred","grosscon",1,NA,NA,NA,NA,NA,NA,NA,NA,NA,NA,NA,NA,NA,NA,1
"1150","unlogpred","grosscon",10,1.0487,0.952095561944168,0.975904499540863,9.23028644653342,1.01968546270815,-0.0626301986778676,1.10670000218949,0.271364523826741,0.255710330748973,-0.0156541930777678,0.942313044988288,TRUE,TRUE,TRUE,1
"1160","unlogpred","grosscon",317,1.0144,0.969096037662157,0.959997967626782,7.15146116226656,1.01140768982854,-0.00895545606163172,1.00769911695375,0.319979372632011,0.309562801085515,-0.0104165715464954,0.967446115476716,TRUE,TRUE,TRUE,1
"1170","unlogpred","grosscon",39,1.0027,0.979908787823257,0.919284400449715,8.46851719497066,1.02357763442714,-0.0345291365273516,1.025816700681,0.364006166589179,0.349297699383707,-0.014708467205472,0.959592807607372,TRUE,TRUE,TRUE,1
"1180","unlogpred","grosscon",416,1.01,0.973312360221748,0.965229399416603,5.77936318382771,1.00607190246619,-0.013530049652186,1.02804463884982,0.268474850832794,0.26153233996783,-0.00694251086496428,0.974140926632685,TRUE,TRUE,TRUE,1
"1190","unlogpred","grosscon",180,1.0109,0.925485577848019,0.887532775078942,7.92797218231553,1.0131895263054,-0.0324246663201292,1.06571077723779,0.224789067431503,0.205019954960244,-0.0197691124712593,0.912054831237363,TRUE,TRUE,TRUE,1
"1200","unlogpred","grosscon",207,1.0024,0.937678075975734,0.944210314812697,11.1919899979177,1.02899644486777,-0.0239017655944684,1.04553823120054,0.406205725497972,0.386884997604861,-0.019320727893111,0.952436101511308,TRUE,TRUE,TRUE,1
"1201","unlogpred","grosscon",438,1.0146,0.977809021316282,0.970877663064853,7.18217459298045,1.01218414782589,-0.0137213723987638,1.02563268590329,0.363098769744881,0.352702178230531,-0.01039659151435,0.971367042852679,TRUE,TRUE,TRUE,1
"1202","unlogpred","grosscon",583,1.0153,0.960338435404363,0.965852459427685,8.42633257753139,1.01530437811379,-0.00959247830237723,1.02218845577306,0.479448627375185,0.470228713882937,-0.00921991349224749,0.98076975724652,TRUE,TRUE,TRUE,1
"1210","unlogpred","grosscon",136,1.0087,0.963364261493708,0.968931291979094,5.81698752069794,1.01160868677439,-0.0102662180519598,1.01477395176385,0.285791129283467,0.27208573733413,-0.0137053919493364,0.952044026056028,TRUE,TRUE,TRUE,1
"1220","unlogpred","grosscon",587,1.0132,0.967852719940763,0.97753676809175,7.16109823898569,1.0072636950796,-0.0058117785839674,1.0130667304582,0.346919376643646,0.341213937257156,-0.0057054393864901,0.983553990435217,TRUE,TRUE,TRUE,1
"1230","unlogpred","grosscon",241,1.0157,0.946260069215472,0.968758170425288,7.39779611008274,1.01632460719784,-0.0207046409011687,1.02249488887764,0.309755787155149,0.294879460166052,-0.0148763269890964,0.951974014349423,TRUE,TRUE,TRUE,1
"1240","unlogpred","grosscon",63,1.0119,0.986884990289588,0.978061875758392,5.31930531917915,1.00717207332689,-0.00953765536642127,1.02022919359299,0.371679544391372,0.367860966953535,-0.00381857743783692,0.989726156589839,TRUE,TRUE,TRUE,1
"1250","unlogpred","grosscon",477,1.014,0.977869641966659,0.984185583388008,7.26777159745866,1.01186983642047,-0.0079701730400874,1.01175258816764,0.432865276742451,0.425618256302015,-0.00724702044043607,0.983258023154516,TRUE,TRUE,TRUE,1
"1270","unlogpred","grosscon",699,1.0117,0.974944552400548,0.979407627712954,7.28853185456652,1.01071795439812,-0.00830254163514771,1.01595727163511,0.430053709694682,0.423250838019215,-0.00680287167546689,0.984181344045848,TRUE,TRUE,TRUE,1
"1271","unlogpred","grosscon",737,1.014,0.983795166049518,0.979606966117016,7.04313180960088,1.01060806966055,-0.00859057831978434,1.01666990265575,0.459660212432569,0.454466036593136,-0.00519417583943316,0.988699966412266,TRUE,TRUE,TRUE,1
"1272","unlogpred","grosscon",26,1.008,0.940266873827424,0.934091949788152,9.8436357677354,1.01895119088402,-0.0216337963256711,1.01684488078992,0.320766410355372,0.310984968394323,-0.00978144196104935,0.96950602792165,TRUE,TRUE,TRUE,1
"1280","unlogpred","grosscon",936,1.011,0.969359135894796,0.971641021016319,7.92277670882851,1.01314337238567,-0.010141218036106,1.01709739738137,0.421671885218579,0.414300442567035,-0.00737144265154421,0.982518534173263,TRUE,TRUE,TRUE,1
"1281","unlogpred","grosscon",399,1.0066,0.962816453638929,0.97126398159581,7.76060637226694,1.02033095064896,-0.012961482000832,1.02965217032655,0.381645818672359,0.367190688359811,-0.014455130312548,0.962124227214559,TRUE,TRUE,TRUE,1
"1282","unlogpred","grosscon",93,1.0069,0.964038922596772,0.948864768389236,7.47776410241661,1.01192604736595,-0.0237963889625443,1.02829034117888,0.279926165311524,0.26893201733791,-0.0109941479736144,0.960724829129927,TRUE,TRUE,TRUE,1
"1290","unlogpred","grosscon",23,1.0115,0.909369416456687,0.84940535445021,4.74521602107593,1.00494021144258,-0.0639809595761345,1.0741900124936,0.105430405500894,0.0910791551533048,-0.0143512503475889,0.863879397225051,TRUE,FALSE,TRUE,1
"1291","unlogpred","grosscon",12,1.03,0.886667949979784,0.855060728744939,6.90606363311408,1.01348312970894,-0.0759158855572261,1.13230119994553,0.174618504925633,0.150592128911699,-0.0240263760139333,0.862406472760915,TRUE,TRUE,TRUE,1
"All","unlogpred","grosscon",822,0.8904,0.976712842661534,0.875480363649757,9.47196763573208,1.01776965487724,-0.0497340172769958,1.11052785741502,0.245984482124182,0.216859704991323,-0.0291247771328587,0.881599128199658,FALSE,TRUE,TRUE,2
"2060","unlogpred","grosscon",31,0.8361,0.429137978611418,0.362622827278422,15.479551602853,1.03549329584411,-0.353853310264793,1.24034406487974,0.116638371192608,0.0663587680635763,-0.0502796031290315,0.56892742401209,FALSE,FALSE,FALSE,2
"2130","unlogpred","grosscon",5,0.8661,0.844416221098499,1,4.51060525078871,1.00405835796584,-0.147156704211943,1.32342623450039,0.0690167163711047,0.0533359935015271,-0.0156807228695776,0.772798190147704,FALSE,FALSE,TRUE,2
"2150","unlogpred","grosscon",1,NA,NA,NA,NA,NA,NA,NA,NA,NA,NA,NA,NA,NA,NA,2
"2190","unlogpred","grosscon",21,0.8642,0.867020188328611,0.51365789607012,6.55197658553485,1.00686691643707,-0.0275080329888765,1.17614375428506,0.114127153597326,0.0938026439340934,-0.0203245096632323,0.821913462111364,FALSE,TRUE,TRUE,2
"2220","unlogpred","grosscon",29,0.893,0.853610875830703,0.779545349603019,6.43403531403788,1.0074985891304,-0.0645050501045431,1.06026204652672,0.118474669261322,0.100787600917186,-0.0176870683441362,0.850710126861604,FALSE,TRUE,TRUE,2
"2230","unlogpred","grosscon",4,0.875,0.540657456424219,0.64,7.61137323277068,0.998035993613268,0.889528629022928,0.270367253574971,0.0188232923507736,0.059356262897678,0.0405329705469044,3.15334117919273,FALSE,TRUE,TRUE,2
"2250","unlogpred","grosscon",639,0.8957,0.635376865815302,0.626946848971845,9.54137622712969,1.01750302736652,-0.219893198957335,1.34769182418924,0.119102417144169,0.0728259297320895,-0.0462764874120798,0.611456353937269,FALSE,TRUE,TRUE,2
"2290","unlogpred","grosscon",11,0.8914,0.724241377672894,0.492237442922374,15.4210597529757,1.02869194539007,-0.101248452066659,1.08625449240681,0.179969183359014,0.13405043438887,-0.0459187489701439,0.744852156835416,FALSE,FALSE,TRUE,2
"2300","unlogpred","grosscon",62,0.8826,0.943148291325728,0.923066650568745,8.34654376804653,1.01456946155771,-0.0495327199822211,1.03448740418674,0.233322830954052,0.220911080690697,-0.0124117502633543,0.946804390240754,FALSE,TRUE,TRUE,2
"2310","unlogpred","grosscon",5,0.8954,0.99262922505353,1,2.46185172457668,1.00761206561807,-0.0782717396479162,1.10838911964721,0.140880503144654,0.123412886614067,-0.017467616530587,0.876011114805208,FALSE,FALSE,TRUE,2
"2330","unlogpred","grosscon",8,0.8752,0.965089582838682,0.94104991394148,1.79948483764167,1.00091648267179,-0.0427697265329365,1.03563870422304,0.0595589973989124,0.0572392217493578,-0.00231977564955455,0.961050794155966,FALSE,FALSE,TRUE,2
"2370","unlogpred","grosscon",6,0.8831,0.38484242346828,0.0411764705882353,5.92230437377736,1.0020432975855,-0.0077517164476257,0.795229550207315,0.0386307378152475,0.0197836353446517,-0.0188471024705958,0.512121602213954,FALSE,TRUE,TRUE,2
"All","unlogpred","grosscon",5271,0.9837,0.98305543904704,0.986925447404419,6.18706166998958,1.01320771871848,-0.0180632245318295,1.02388827286549,0.314000734064622,0.303093246174815,-0.0109074878898069,0.96526285862898,TRUE,TRUE,TRUE,3
"3010","unlogpred","grosscon",8,0.9909,0.964433480103889,1,3.00625594876905,1.00317209319195,-0.0867151226586691,1.20874875519404,0.0870807587278426,0.0760228817529505,-0.0110578769748921,0.873015840279346,TRUE,FALSE,TRUE,3
"3020","unlogpred","grosscon",19,0.9846,0.979544278483938,0.965220067713143,3.91384812209993,1.00716296284066,-0.0563341795098956,1.07545382428585,0.158925834532177,0.147105381050233,-0.011820453481944,0.925622832079257,TRUE,FALSE,TRUE,3
"3030","unlogpred","grosscon",398,0.9817,0.839324654464347,0.921708938860259,6.86035753246793,1.0177140120385,-0.049682795869527,1.07105438099091,0.199190062262581,0.173498076547466,-0.0256919857151157,0.87101773339853,TRUE,TRUE,TRUE,3
"3040","unlogpred","grosscon",31,0.9843,0.926500846744078,0.852443301198863,6.6360419109703,1.01320232878264,-0.0960758866017682,1.08171299735236,0.162427613982362,0.145482609169549,-0.0169450048128122,0.895676576184563,TRUE,TRUE,TRUE,3
"3060","unlogpred","grosscon",96,0.9809,0.9746979651183,0.953858504277835,5.50218463967988,1.00965743979552,-0.0366556308561243,1.03200971300822,0.231372395731041,0.219043291589257,-0.0123291041417835,0.946713158659966,TRUE,TRUE,TRUE,3
"3070","unlogpred","grosscon",191,0.9798,0.967667755961542,0.92216703846451,5.10591810477887,1.00793304094098,-0.0260289852845389,1.05009526352652,0.22360480001656,0.212187733383486,-0.0114170666330741,0.948940869640417,TRUE,TRUE,TRUE,3
"3080","unlogpred","grosscon",60,0.9735,0.940683095814868,0.889441552459007,6.72303850962449,1.01550769027465,-0.0507458442337026,1.07972669026767,0.213108741208521,0.190498816047779,-0.0226099251607423,0.893904280826195,TRUE,TRUE,TRUE,3
"3090","unlogpred","grosscon",73,0.9786,0.93680651352538,0.952728055724717,6.62696295562932,1.0090887733925,-0.0237738356473068,1.04208925588794,0.22808724939528,0.219961389027883,-0.00812586036739682,0.964373894687491,TRUE,TRUE,TRUE,3
"3110","unlogpred","grosscon",5,0.9963,0.980291930301352,1,1.65946090361624,1.00176354979463,-0.129736158667988,1.23564104119263,0.0535705809852464,0.044036674011598,-0.00953390697364842,0.822030920734757,TRUE,FALSE,TRUE,3
"3120","unlogpred","grosscon",193,0.9883,0.932771453778008,0.950904803288195,4.41970408836979,1.00673721605216,-0.0463320936800166,1.07235680783448,0.15252000434323,0.138674272054309,-0.013845732288921,0.909220220989749,TRUE,FALSE,TRUE,3
"3140","unlogpred","grosscon",55,0.9619,0.936526521758637,0.848084377054392,14.744160165451,1.0639898367491,-0.149203794533562,1.0922420282765,0.291177225428494,0.260054149518744,-0.0311230759097501,0.893112945684713,TRUE,TRUE,FALSE,3
"3150","unlogpred","grosscon",149,0.9892,0.942019630922055,0.932257244535348,5.67746542090022,1.01344394382098,-0.0435958611680638,1.06109603714719,0.217810223603179,0.199750341311362,-0.0180598822918167,0.917084322337783,TRUE,TRUE,TRUE,3
"3160","unlogpred","grosscon",49,0.9904,0.981402245733881,0.96771061409867,6.49453676255688,1.01417752495763,-0.0192922461563272,1.02889829182677,0.353735605007764,0.343040313112932,-0.0106952918948318,0.969764728957389,TRUE,TRUE,TRUE,3
"3161","unlogpred","grosscon",35,0.9839,0.958688363619723,0.941497854043578,5.52560949394964,1.01246748488691,-0.067383073083145,1.09477408087281,0.192534759881007,0.175099883323291,-0.0174348765577158,0.909445564175055,TRUE,TRUE,TRUE,3
"3170","unlogpred","grosscon",30,0.981,0.639463206266068,0.49279398380851,9.11160046629472,1.01465886191622,-0.202640199311703,1.21527395658305,0.108126201637087,0.0638939777706125,-0.0442322238664742,0.590920394901741,TRUE,TRUE,TRUE,3
"3180","unlogpred","grosscon",276,0.9818,0.952746583584746,0.963398512456008,5.97101514548616,1.01053128052739,-0.0287447813123222,1.03616589871625,0.24307318404726,0.229941996034715,-0.0131311880125449,0.945978458857922,TRUE,TRUE,TRUE,3
"3190","unlogpred","grosscon",4,0.997,0.941353144843007,1,3.23348394225176,1.00621938679352,-0.132050798206625,1.34111698625864,0.0952313778499811,0.0750309706327197,-0.0202004072172615,0.787880762902713,TRUE,FALSE,TRUE,3
"3200","unlogpred","grosscon",332,0.9842,0.941257360895645,0.95766445829807,7.44383227499581,1.02693419636724,-0.0490974940134399,1.01794620992921,0.225257901238122,0.209585168346012,-0.0156727328921095,0.930423160271116,TRUE,TRUE,TRUE,3
"3201","unlogpred","grosscon",69,0.9782,0.850711616482302,0.91531527937548,7.19113822540838,1.00909990552015,-0.0383285781315741,1.05389196895711,0.157080026713578,0.139011595746748,-0.0180684309668297,0.884973084453468,TRUE,TRUE,TRUE,3
"3202","unlogpred","grosscon",438,0.9773,0.937733553420581,0.951439191525688,6.62999366261958,1.00986998690579,-0.0193789876399009,1.03161898234182,0.229690109619983,0.214926850343194,-0.0147632592767896,0.935725315725544,TRUE,TRUE,TRUE,3
"3210","unlogpred","grosscon",2,0.9905,1,1,1.79157752787247,1.00335434914221,-0.0690452261349115,1.10484469616775,0.0933014354066986,0.0846264654744406,-0.00867496993225791,0.907022117136313,TRUE,FALSE,TRUE,3
"3220","unlogpred","grosscon",19,0.9988,0.886310293148668,0.787871149754879,3.99577488374437,1.00389637877446,-0.128355161454033,1.30564606854805,0.0731217760077886,0.0549583946986357,-0.0181633813091529,0.75160092792032,TRUE,FALSE,TRUE,3
"3230","unlogpred","grosscon",147,0.9845,0.965715599309877,0.959527208010218,3.83245565262438,1.00569233984104,-0.0386449010117915,1.0567752135049,0.160231546015008,0.148361700938446,-0.0118698450765615,0.92592067310235,TRUE,FALSE,TRUE,3
"3231","unlogpred","grosscon",21,0.9789,0.927767813302867,0.83452761431277,2.95969069237958,1.00244250332118,-0.0709340286507231,1.14779333663421,0.0729965704627113,0.0609473250942456,-0.0120492453684657,0.834934089477248,TRUE,FALSE,TRUE,3
"3232","unlogpred","grosscon",73,0.9867,0.941931032950809,0.924857017052944,4.78522881904757,1.00698437034026,-0.0419634479083354,1.05144477010781,0.172459408743859,0.160514046351835,-0.0119453623920247,0.930735223557642,TRUE,FALSE,TRUE,3
"3233","unlogpred","grosscon",72,0.9928,0.939768209083013,0.925528740428921,4.88855635733167,1.00587142471921,-0.0365090378145983,1.07505917128371,0.155114000181781,0.143981730358004,-0.0111322698237769,0.928231688882172,TRUE,FALSE,TRUE,3
"3250","unlogpred","grosscon",61,0.9782,0.90878561245202,0.888857791132438,7.27217110355357,1.01721053563938,-0.0940158957840042,1.14746598907466,0.199229463308496,0.182817639420243,-0.0164118238882534,0.917623510018493,TRUE,TRUE,TRUE,3
"3270","unlogpred","grosscon",35,0.9772,0.972117491815342,0.940402787621073,6.65596505699447,1.01130286361819,-0.0329420810763386,1.04701056115364,0.251546711750403,0.239357365757163,-0.0121893459932398,0.951542415687251,TRUE,TRUE,TRUE,3
"3280","unlogpred","grosscon",73,0.9811,0.93470438392516,0.945449870420078,4.92283502792391,1.00855677223834,-0.0924550941267572,1.09143863265292,0.123404034638393,0.110403845599703,-0.0130001890386906,0.894653452159935,TRUE,FALSE,TRUE,3
"3290","unlogpred","grosscon",373,0.9916,0.942341659550595,0.959887866112666,5.84701623193839,1.01185028502637,-0.0282595792926222,1.03962272881019,0.240895348016348,0.226700637751165,-0.0141947102651824,0.941075199741013,TRUE,TRUE,TRUE,3
"3320","unlogpred","grosscon",3,0.9721,0.965448324343844,0.25,1.97071770880452,1.00158095971272,-0.0748051941480576,1.09227027904787,0.0601543088792991,0.0495239673584062,-0.010630341520893,0.823282126934199,TRUE,FALSE,TRUE,3
"3330","unlogpred","grosscon",97,0.9823,0.941862432981125,0.937029921538004,3.81238052287126,1.00572457164537,-0.0479571918904379,1.05736315813654,0.137427032646212,0.125235049125279,-0.0121919835209336,0.911283949844713,TRUE,FALSE,TRUE,3
"3340","unlogpred","grosscon",25,0.8955,0.749471548092474,0.792977342519256,16.6849821078299,1.03171730676834,-0.153911668094859,1.18789204843739,0.188255450434151,0.161381170427896,-0.0268742800062547,0.857245673661624,FALSE,FALSE,FALSE,3
"3350","unlogpred","grosscon",1,NA,NA,NA,NA,NA,NA,NA,NA,NA,NA,NA,NA,NA,NA,3
"3360","unlogpred","grosscon",64,0.982,0.910482865864035,0.89230448032362,4.95803024848592,1.00595072374533,-0.0556473742123822,1.04189411759003,0.124428705746406,0.109090264267216,-0.0153384414791895,0.8767290764042,TRUE,FALSE,TRUE,3
"3380","unlogpred","grosscon",9,0.9886,0.972354324620497,0.772058823529412,2.59292651747895,1.00280545644636,-0.0628378147770569,1.05803287907557,0.0910573405615056,0.0817644911180804,-0.00929284944342514,0.897945081789994,TRUE,FALSE,TRUE,3
"3390","unlogpred","grosscon",50,0.9784,0.974448268958285,0.96114663730752,3.32420914203068,1.00609343471569,-0.0554435511876936,1.08919512886523,0.156616185502262,0.145881600853724,-0.0107345846485377,0.931459289382433,TRUE,FALSE,TRUE,3
"3400","unlogpred","grosscon",50,0.9723,0.963879476268611,0.907221148376746,6.83834309759659,1.01476156743265,-0.0539140631849782,1.10117047230065,0.22558728187337,0.201673434031855,-0.023913847841515,0.893992925297364,TRUE,TRUE,TRUE,3
"3401","unlogpred","grosscon",6,0.9847,0.996394711665244,0.888979591836735,2.12965136891899,1.00807640210688,-0.0251369603815689,1.02865990452614,0.240565339647773,0.233297946594668,-0.00726739305310503,0.96979035689952,TRUE,FALSE,TRUE,3
"3420","unlogpred","grosscon",227,0.9791,0.974815951020647,0.983243804539572,5.63691305632404,1.00778546566366,-0.0236807960704642,1.04169691649495,0.27802088253096,0.27155012714217,-0.00647075538878955,0.976725649778955,TRUE,TRUE,TRUE,3
"3430","unlogpred","grosscon",41,0.9995,0.939437505346662,0.92864706341512,5.87048106161018,1.01305879101875,-0.0753584358849253,1.11293688449632,0.172728582647095,0.153373534573756,-0.0193550480733385,0.887945308317135,TRUE,TRUE,TRUE,3
"3440","unlogpred","grosscon",91,0.9868,0.972826445484081,0.961538377443829,5.31614500414022,1.00791478124627,-0.0263784938818792,1.04687524095181,0.255832596669344,0.24797941104318,-0.00785318562616383,0.969303420563276,TRUE,TRUE,TRUE,3
"3460","unlogpred","grosscon",21,0.9607,0.702439933882838,0.528925619834711,11.7715456132437,1.02278160403387,-0.0686055590091431,1.17309355185052,0.168944557273872,0.116609392230356,-0.0523351650435156,0.690222840628856,TRUE,TRUE,TRUE,3
"3480","unlogpred","grosscon",72,0.9825,0.988059384092242,0.973518307216237,4.77190107522142,1.0084507972405,-0.0225110712241853,1.03826109395657,0.301877503120577,0.293724029753666,-0.00815347336691041,0.972990788374006,TRUE,FALSE,TRUE,3
"3500","unlogpred","grosscon",166,0.9858,0.970980127820195,0.947455187650466,5.79056398608921,1.01189226086549,-0.0309029627764441,1.06226110217559,0.270733489600391,0.256341809114295,-0.0143916804860957,0.94684189049778,TRUE,TRUE,TRUE,3
"3510","unlogpred","grosscon",32,0.9706,0.941734820481518,0.91289182681709,9.30664718348029,1.02704482577398,-0.0782881585116038,1.08701975122843,0.259346436938426,0.233829504344544,-0.0255169325938818,0.901610629800401,TRUE,TRUE,TRUE,3
"3511","unlogpred","grosscon",294,0.985,0.929050428351185,0.946017931541697,5.67690285813936,1.01021462470681,-0.0498534063687299,1.07763488095139,0.189236792973375,0.172726125212366,-0.0165106677610084,0.912751281071798,TRUE,TRUE,TRUE,3
"3512","unlogpred","grosscon",316,0.9819,0.930204410696811,0.920212411586718,7.5530529060962,1.01830422294684,-0.0491342294542757,1.06782158334092,0.230096940948424,0.20760628658309,-0.0224906543653335,0.902255743719884,TRUE,TRUE,TRUE,3
"3513","unlogpred","grosscon",102,0.9859,0.90025929889235,0.94284591066284,7.02733558809922,1.01644127406729,-0.0463075701521433,1.07432359140046,0.223408807755887,0.200460177958561,-0.0229486297973261,0.897279655051015,TRUE,TRUE,TRUE,3
"3520","unlogpred","grosscon",16,0.9953,0.910523949415952,0.930657439446367,5.24767120542009,1.00891912664842,-0.0900083113413714,1.14897484815885,0.138588717438339,0.118653857854434,-0.0199348595839046,0.856158135002771,TRUE,TRUE,TRUE,3
"3530","unlogpred","grosscon",40,0.9822,0.966407885630561,0.96346456270035,3.37646146891466,1.00900929393424,-0.0378947549590129,1.05227165945191,0.211017819935674,0.197618971777983,-0.0133988481576909,0.936503712521647,TRUE,FALSE,TRUE,3
"BK01","unlogpred","grosscon",78,0.9912,0.909741861864217,0.885608720304213,10.1041425821367,1.02800534988902,-0.110568185250404,1.15955755515951,0.223813653484577,0.191304201266963,-0.0325094522176142,0.854747680887778,TRUE,TRUE,TRUE,3
"BK02","unlogpred","grosscon",6,0.9908,0.988887859027862,0.888979591836735,6.09357649250659,1.01208809655569,-0.0304354597371467,1.09656950017089,0.278599605522682,0.265823499450309,-0.0127761060723734,0.954141693602171,TRUE,TRUE,TRUE,3
"BK03","unlogpred","grosscon",9,0.9748,0.990444994140467,0.966944444444444,3.30764804157467,1.00669966252192,-0.043512927321523,1.05496776836894,0.182704994880659,0.169470059603017,-0.013234935277642,0.927561174305678,TRUE,FALSE,TRUE,3
"BK05","unlogpred","grosscon",37,0.9818,0.973500810177251,0.92842266032919,4.5428014335846,1.00552011462432,-0.0466593721653394,1.09564800064234,0.156262087977761,0.144211105098483,-0.0120509828792784,0.922879675836704,TRUE,FALSE,TRUE,3
"BK06","unlogpred","grosscon",1,NA,NA,NA,NA,NA,NA,NA,NA,NA,NA,NA,NA,NA,NA,3
"BK07","unlogpred","grosscon",30,0.9856,0.977323429468449,0.952947892989886,4.18458392405656,1.01171142008692,-0.0504629380404127,1.09494331075237,0.203892270951605,0.184848421056645,-0.0190438498949604,0.906598470819521,TRUE,FALSE,TRUE,3
"All","unlogpred","grosscon",3137,0.971,0.982160930314578,0.975346027777721,5.50302586023335,1.00751980017997,-0.0248816227908727,1.03359977058133,0.218622638113603,0.208906142573045,-0.00971649554055826,0.955555858147182,TRUE,TRUE,TRUE,4
"4040","unlogpred","grosscon",235,0.9738,0.950489857662095,0.91094915003901,5.18117326864227,1.00650700385396,-0.0414130785133454,1.06686149595897,0.156626124491914,0.143999557430872,-0.0126265670610419,0.919384029311829,TRUE,TRUE,TRUE,4
"4050","unlogpred","grosscon",100,0.9579,0.891115162380513,0.863729615472743,7.45663586458737,1.01107639337822,-0.0685183828031326,1.07743851201703,0.152796279898961,0.132432035152862,-0.0203642447460992,0.866722902157269,TRUE,TRUE,TRUE,4
"4100","unlogpred","grosscon",4,0.9853,0.0251668269521721,0.04,3.1820958408194,1.0008773805216,-0.560365010350919,2.65361405950381,0.0170588235294118,0.00178060533884827,-0.0152782181905635,0.104380312966968,TRUE,FALSE,TRUE,4
"4130","unlogpred","grosscon",4,0.9881,0.880077562074537,0.64,4.98732358591014,1.00579395454254,-0.340560119360817,1.7510549761601,0.0623166367794503,0.0325099666899547,-0.0298066700894957,0.521690007196846,TRUE,FALSE,TRUE,4
"4140","unlogpred","grosscon",48,0.9713,0.848276381284177,0.79390286359892,5.33001111065804,1.00963633170154,-0.148016215750004,1.19243283592012,0.10729381399666,0.084826050126053,-0.0224677638706067,0.790595906383697,TRUE,TRUE,TRUE,4
"4160","unlogpred","grosscon",25,0.9665,0.915088942815127,0.902811083794911,4.57625763557107,1.00338055180363,-0.045762432261323,1.05082903253026,0.0959764850729154,0.0874644686828802,-0.0085120163900352,0.911311438592813,TRUE,FALSE,TRUE,4
"4170","unlogpred","grosscon",244,0.9637,0.843104969154169,0.842423324117478,6.57678001642465,1.01022089717286,-0.0762833361255472,1.08831108904178,0.131870857947249,0.109739646180343,-0.0221312117669057,0.832175113505679,TRUE,TRUE,TRUE,4
"4180","unlogpred","grosscon",2,0.9711,1,1,2.53285983298851,1.00101591121677,-0.640161274642211,2.71686251440593,0.0200342746050639,0.00737746268083828,-0.0126568119242256,0.368242066472101,TRUE,FALSE,TRUE,4
"4200","unlogpred","grosscon",1,NA,NA,NA,NA,NA,NA,NA,NA,NA,NA,NA,NA,NA,NA,4
"4210","unlogpred","grosscon",1171,0.9706,0.936848296212259,0.919656324793137,5.60217241415052,1.00773112453794,-0.0390506910133089,1.05784198991654,0.170174275366352,0.15657525229223,-0.0135990230741213,0.920087668686438,TRUE,TRUE,TRUE,4
"4211","unlogpred","grosscon",29,0.9766,0.876691789951187,0.891057881469992,5.34239581464484,1.00541732799385,-0.0744450083744796,1.08569412217583,0.105558773997462,0.0894969106894868,-0.016061863307975,0.847839618634059,TRUE,TRUE,TRUE,4
"4220","unlogpred","grosscon",119,0.9767,0.945623612391784,0.952338797084982,5.74974229251493,1.00791604837884,-0.0238679764354664,1.02563548555005,0.21252937743299,0.200790987678265,-0.0117383897547247,0.944768154424083,TRUE,TRUE,TRUE,4
"4230","unlogpred","grosscon",2,0.9822,1,1,1.3773600460648,1.0026410374623,-0.0511257247424456,1.07658834017372,0.0956206317974964,0.088968180940515,-0.00665245085698141,0.930428708408141,TRUE,FALSE,TRUE,4
"4250","unlogpred","grosscon",8,0.9751,0.915177066877746,0.776077097505669,4.90090335559431,1.00471834322146,-0.0795178465210871,1.06510488636018,0.0945272100467864,0.0810359882628546,-0.0134912217839318,0.8572768435961,TRUE,FALSE,TRUE,4
"4260","unlogpred","grosscon",32,0.9805,0.957138819245076,0.747914466445756,5.7483789086455,1.00719760613308,-0.0331632517053333,1.07693325433786,0.182307576188108,0.1652956541689,-0.0170119220192086,0.906685600374307,TRUE,TRUE,TRUE,4
"4270","unlogpred","grosscon",18,1.0033,0.7927705069784,0.782193296633194,6.69090888222221,1.00850033705362,-0.0709037376242849,1.07876683373183,0.120619055595883,0.0957528135171615,-0.0248662420787213,0.793844828614542,TRUE,TRUE,TRUE,4
"4310","unlogpred","grosscon",64,0.9767,0.721033625712165,0.64068930958282,7.34153432208809,1.01048926557104,-0.176216110803113,1.26137686609469,0.0991513917086286,0.0694716538259108,-0.0296797378827178,0.700662417629636,TRUE,TRUE,TRUE,4
"4320","unlogpred","grosscon",69,0.9662,0.694621630927596,0.677404385509355,8.06902097239474,1.01578411673885,-0.196306113308139,1.33151326140885,0.113948626807323,0.0743944302688873,-0.0395541965384356,0.652876935451638,TRUE,TRUE,TRUE,4
"4330","unlogpred","grosscon",4,0.9721,0.996387309644443,1,1.21758389899686,1.00149593706625,-0.0643761488398449,1.08631703841974,0.0664516227895431,0.0619793601104752,-0.00447226267906786,0.932698969696619,TRUE,FALSE,TRUE,4
"4350","unlogpred","grosscon",2,0.9715,1,1,1.29892089511269,1.00083626189853,-0.155441351416837,1.25259234926172,0.0321637426900585,0.0256906043367517,-0.00647313835330676,0.798744243924463,TRUE,FALSE,TRUE,4
"4370","unlogpred","grosscon",43,0.9723,0.960683703777587,0.955134101720978,4.41253898199872,1.00485848023595,-0.0344535993279724,1.04423821291907,0.158930792292931,0.151316332982334,-0.00761445931059676,0.952089464849818,TRUE,FALSE,TRUE,4
"4400","unlogpred","grosscon",563,0.9746,0.957721240261381,0.963845419022301,4.05396296658447,1.00428489820197,-0.0186974475594162,1.03011148143835,0.175225205528923,0.167213484364344,-0.00801172116457871,0.954277575875029,TRUE,FALSE,TRUE,4
"4410","unlogpred","grosscon",4,0.9854,0.98970869415109,1,2.62273879509089,1.00302423254156,-0.157615967458366,1.29979321926013,0.0669014084507042,0.0527328066184749,-0.0141686018322293,0.788216688402467,TRUE,FALSE,TRUE,4
"4420","unlogpred","grosscon",38,0.9633,0.845026761721488,0.745532760431315,5.42946078694463,1.00605406450266,-0.133099240883869,1.16793777272158,0.0891018998707751,0.0668174702310539,-0.0222844296397212,0.749899500773379,TRUE,TRUE,TRUE,4
"4450","unlogpred","grosscon",1,NA,NA,NA,NA,NA,NA,NA,NA,NA,NA,NA,NA,NA,NA,4
"4470","unlogpred","grosscon",142,0.9637,0.912643337107714,0.855466729101167,6.30624186699426,1.00995952080089,-0.0662568315721573,1.08505451731225,0.151722991711376,0.130419218541003,-0.0213037731703736,0.859587706977859,TRUE,TRUE,TRUE,4
"4490","unlogpred","grosscon",22,0.9776,0.908599765785732,0.882500286174088,3.64504346208888,1.00522145690109,-0.0751290769638544,1.12861921956331,0.107922697594048,0.0927187384080453,-0.015203959186003,0.859121764698722,TRUE,FALSE,TRUE,4
"4500","unlogpred","grosscon",32,0.9793,0.888737324471405,0.59188965603303,6.16605959006825,1.00775747389254,-0.0501604712448395,1.10633361363931,0.134262760155189,0.106693091626101,-0.0275696685290885,0.794658857770973,TRUE,TRUE,TRUE,4
"4530","unlogpred","grosscon",4,0.9772,0.473929877216769,0.16,7.47484658219144,1.0050524370107,-0.218680820355669,1.85035830734617,0.0549942813572246,0.019656119139535,-0.0353381622176896,0.357421147334491,TRUE,TRUE,TRUE,4
"4560","unlogpred","grosscon",26,0.9738,0.875887788506427,0.870132706630655,8.23144206537281,1.02194678139266,-0.168665760221891,1.21048156497623,0.154809795807167,0.123592054890424,-0.0312177409167434,0.798347767633331,TRUE,TRUE,TRUE,4
"4580","unlogpred","grosscon",3,0.9822,0.372030731390688,0.25,1.94935315538704,1.00065258123472,-0.48179011074758,2.36092109438507,0.0161030595813205,0.00303009316792835,-0.0130729664133922,0.18816878572835,TRUE,FALSE,TRUE,4
"4590","unlogpred","grosscon",60,0.9669,0.924863239712409,0.896412533257433,4.86247371403383,1.00626262892563,-0.0566711149195089,1.09500041668687,0.132613564007697,0.117340902419887,-0.0152726615878104,0.884833337358131,TRUE,FALSE,TRUE,4
"QN01","unlogpred","grosscon",2,0.969,1,1,1.52316438271368,1.00105324863706,-0.171475409799963,1.28233334506915,0.0345379817006932,0.0269505155152276,-0.00758746618546557,0.780315298930357,TRUE,FALSE,TRUE,4
"QN03","unlogpred","grosscon",6,0.9698,0.948100013321768,0.784489795918367,2.91459473737042,1.0012404428238,-0.0333166510938039,0.999461357811282,0.0690313720441183,0.0676909063059237,-0.00134046573819457,0.98058178914164,TRUE,FALSE,TRUE,4
"QN04","unlogpred","grosscon",7,0.9739,0.967326331287278,1,3.31183274847817,1.0051871962712,-0.104997154984761,1.16828572283227,0.102265656454742,0.0878765282403638,-0.0143891282143778,0.859296574107009,TRUE,FALSE,TRUE,4
"QN05","unlogpred","grosscon",3,0.9867,0.158196168263069,0.25,1.63399976666881,1.00008534911535,0.387243679979393,0.716735991290307,0.00779727095516562,0.00466397821409359,-0.00313329274107203,0.598155205957508,TRUE,FALSE,TRUE,4
"All","unlogpred","grosscon",257,0.9438,0.930537337113759,0.934323681848876,8.43843022429255,1.01249894239911,-0.0314711117658644,1.0114370570253,0.183564681723616,0.167545582979841,-0.0160190987437751,0.912733219738347,TRUE,TRUE,TRUE,5
"5031","unlogpred","grosscon",12,0.931,0.879365475995677,0.822978775610355,5.04511391268951,1.00534570690029,-0.0629708354282528,1.07100399945165,0.0986100980630521,0.0920632290446273,-0.00654686901842479,0.933608533537421,TRUE,TRUE,TRUE,5
"5130","unlogpred","grosscon",41,0.9305,0.787069292962345,0.798892940612826,7.49844449709334,1.00657052310093,-0.0618893330387642,1.04790610653076,0.104203612593567,0.0915580168225552,-0.0126455957710116,0.87864532278421,TRUE,TRUE,TRUE,5
"5150","unlogpred","grosscon",7,0.9748,0.714163265048328,0.717207792207792,3.97335880893014,0.9989461042615,0.315144271373269,0.661109018768505,0.0331010452961673,0.0412208989440817,0.00811985364791441,1.24530505231068,TRUE,FALSE,TRUE,5
"5231","unlogpred","grosscon",40,0.9497,0.703073407505827,0.551836765059345,12.8973969036433,1.03072909770971,-0.159613397728366,1.30260098212435,0.179536003669164,0.122292213972088,-0.057243789697076,0.681157046346198,TRUE,TRUE,FALSE,5
"5250","unlogpred","grosscon",65,0.9516,0.876074070601075,0.856805985635469,5.83551382426591,1.00314820576876,-0.0156629330747972,1.01543021921022,0.115445861186967,0.108096545254691,-0.0073493159322757,0.936339719270028,TRUE,TRUE,TRUE,5
"5320","unlogpred","grosscon",20,0.9068,0.766946464549868,0.651853089047921,11.421299108366,1.00925091151824,0.015406813592743,0.917279904527812,0.165238970588235,0.150167176489446,-0.015071794098789,0.908787896431847,TRUE,TRUE,TRUE,5
"5340","unlogpred","grosscon",27,0.9296,0.482480984290132,0.557123917025818,11.5479991265534,1.01771436125161,-0.242951780783909,0.968666074718919,0.0945981489700975,0.0674633883157718,-0.0271347606543257,0.713157593993694,TRUE,TRUE,TRUE,5
"5370","unlogpred","grosscon",25,0.9569,0.6133450614885,0.608839775727551,7.3872160481424,1.00055642882287,0.159124409464021,0.781471140978777,0.0585673447793891,0.0583800503280948,-0.000187294451294374,0.996802066885568,TRUE,TRUE,TRUE,5
"5390","unlogpred","grosscon",14,0.9286,0.765054839309002,0.564155932367853,7.16342876777247,1.00682813635892,-0.0694745544808558,0.99679877086222,0.0906086328336644,0.0678353322789673,-0.0227733005546971,0.748663015404907,TRUE,TRUE,TRUE,5
"5420","unlogpred","grosscon",6,0.959,0.887155844250905,0.971428571428571,4.59831007614912,1.00147472267479,0.0141262850491083,0.95663997225049,0.0963783654991661,0.0929483295007431,-0.00343003599842302,0.96441072661216,TRUE,FALSE,TRUE,5
