NBHD_NAME,NEIGHBORHOOD,NBHD,boro,predicted,actual,n,median_sales_ratio,r,spearmans,cod,prd,prb,clapp,gini,ci,ki,mki,accuracy,uniformity,vertical_equity
,,,All,prediction,GROSSCON,20710,1.0107,0.8430689563089714,0.9098143393996572,16.74178943089953,1.0689331918443286,-0.025829331676748817,1.0442621572772441,0.4783301911406198,0.43963973165661635,-0.03869045948400346,0.9191134906376227,TRUE,FALSE,TRUE
ALPHABET CITY,1010,ABCD CITY,1,prediction,GROSSCON,61,0.9873,0.8291642512435512,0.7378453968131485,15.926795099079113,1.0515163163739347,-0.12441823011704943,1.144959796461349,0.273363556233895,0.2286520807145093,-0.04471147551938573,0.836439516168974,TRUE,FALSE,FALSE
CHELSEA,1030,CHELSEA,1,prediction,GROSSCON,339,1.0163,0.806185911184965,0.7063270492816991,22.366907815254176,1.0787656686982312,-0.09400920606387891,1.1420165937356532,0.3527671397808271,0.29077653983326374,-0.06199059994756334,0.8242733152921277,TRUE,FALSE,FALSE
CHINATOWN,1040,CHINATOWN,1,prediction,GROSSCON,1,,,,,,,,,,,,,,
CIVIC CENTER,1050,CIVIC CTR,1,prediction,GROSSCON,42,1.1027,0.9379951867228866,0.785080593104841,15.605920029540558,0.9713716799804797,0.08058348356613386,0.8693133745684769,0.36128771951352523,0.3872962512510953,0.026008531737570062,1.0719884190157103,FALSE,FALSE,FALSE
CLINTON,1060,CLINTON,1,prediction,GROSSCON,80,1.0012,0.7463616428593363,0.7269085524083507,14.20930987216372,1.0343333210738135,-0.10001566715121538,1.1200236779214365,0.2106046569263814,0.1595520143885425,-0.051052642537838894,0.7575901535943492,TRUE,TRUE,FALSE
EAST VILLAGE,1070,EAST VILAG,1,prediction,GROSSCON,54,1.0183,0.42659819827979684,0.5384246974355533,21.271636018172664,1.072546799906076,-0.2056631120254195,1.3574221246930966,0.23895114314737892,0.16343803283415254,-0.07551311031322638,0.6839809623063747,TRUE,FALSE,FALSE
FASHION,1080,FASHION,1,prediction,GROSSCON,40,1.1007,0.8037664926503991,0.8386803107386842,17.54567213208518,1.043728874939768,-0.027357031519171977,0.9785622374237625,0.35742153891561,0.32696018530795073,-0.03046135360765928,0.9147747119547504,FALSE,FALSE,TRUE
FINANCIAL,1090,FINANCIAL,1,prediction,GROSSCON,18,1.1472,0.7527973022998957,0.8002622172177737,23.220689408344356,1.1699653106621364,-0.14071428669252103,1.2477409323993915,0.3772271285956419,0.25780379300594863,-0.11942333558969326,0.6834179555582659,FALSE,FALSE,FALSE
FLATIRON,1100,FLATIRON,1,prediction,GROSSCON,198,1.021,0.8501986487829565,0.8522396286120623,14.000944650727787,1.0470196738053836,-0.05695729980505893,1.0919663914210644,0.3359996892449996,0.292324692136428,-0.043674997108571645,0.8700147693388928,TRUE,TRUE,FALSE
GRAMERCY,1110,GRAMERCY,1,prediction,GROSSCON,499,1.0188,0.6869064463800751,0.6867495445739088,17.864371927839347,1.0684756741999581,-0.09190580873530486,1.1468872519614801,0.30813079148584144,0.23656875584219506,-0.07156203564364638,0.7677543510060576,TRUE,FALSE,FALSE
GREENWICH VILLAGE-CENTRAL,1120,GRVIL-CNTL,1,prediction,GROSSCON,509,1.0098,0.7707350604567724,0.8299722439320413,20.584392318082426,1.071898463144937,-0.048539832870603754,1.0852165597214574,0.3712117251028428,0.3178050226733219,-0.05340670242952089,0.8561287297303857,TRUE,FALSE,TRUE
GREENWICH VILLAGE-WEST,1121,GRVIL-WEST,1,prediction,GROSSCON,401,1.0051,0.7692369003104563,0.7005695781404692,22.262662948956915,1.1033672487792003,-0.11042148723890176,1.1681339243046192,0.35452137181001186,0.27023943916959664,-0.08428193264041522,0.7622655801817727,TRUE,FALSE,FALSE
HARLEM-CENTRAL,1130,HARLM-CNTL,1,prediction,GROSSCON,18,1.2055,0.8970807960614647,0.763593683996642,21.871197583695622,1.0890260519045973,-0.16707941135758594,1.2306555498516463,0.3436704668270405,0.2750982243315764,-0.06857224249546412,0.8004709478572258,FALSE,FALSE,FALSE
HARLEM-EAST,1131,HARLM-EAST,1,prediction,GROSSCON,1,,,,,,,,,,,,,,
HARLEM-UPPER,1132,HARLM-UPR,1,prediction,GROSSCON,10,1.0192,0.591207993005631,0.4498977505112475,14.37440010119206,1.0117403737843804,0.011383943132424561,1.0874510866344973,0.14706364381316578,0.13997673976439434,-0.007086904048771436,0.951810632016062,TRUE,TRUE,TRUE
HARLEM-WEST,1133,HARLM-WEST,1,prediction,GROSSCON,2,,,,,,,,,,,,,,
INWOOD,1140,INWOOD,1,prediction,GROSSCON,125,1.0084,0.37563535296982575,0.46043089255895997,18.06727322555314,1.0641830612913419,-0.14610836363770696,1.1297046523464933,0.21923700116486886,0.12922429192320556,-0.0900127092416633,0.589427383318509,TRUE,FALSE,FALSE
JAVITS CENTER,1150,JAVITS CTR,1,prediction,GROSSCON,26,1.0596,0.765309795111556,0.6919284627092844,11.852066433005902,0.9968298357459879,0.10887923330992341,0.824974381069503,0.16173019391970256,0.1692483058638333,0.00751811194413074,1.0464855186401583,TRUE,TRUE,TRUE
KIPS BAY,1160,KIPS BAY,1,prediction,GROSSCON,106,1.0442,0.3923133640620846,0.7416942330469707,14.405723425859785,1.0929231969895232,-0.20868178622102054,1.3013847029075079,0.24365111045265295,0.1349671168287532,-0.10868399362389974,0.5539359807472761,TRUE,TRUE,FALSE
LITTLE ITALY,1170,LITL ITALY,1,prediction,GROSSCON,3,,,,,,,,,,,,,,
LOWER EAST SIDE,1180,LOW E SIDE,1,prediction,GROSSCON,184,1.0282,0.5078079825739727,0.5611572100810953,13.561029621087823,1.0528133496987686,-0.22546357503467254,1.2955810946113173,0.18532570876029428,0.10238306422954224,-0.08294264453075204,0.552449333200541,TRUE,TRUE,FALSE
MANHATTAN VALLEY,1190,MANHTN VLY,1,prediction,GROSSCON,39,1.0099,0.79959065772931,0.8426531988477586,20.367757429320122,1.0785641552742748,-0.07424296286750574,1.061195913410859,0.3511325586838808,0.2911717358753302,-0.05996082280855064,0.829235935758004,TRUE,FALSE,FALSE
MIDTOWN CBD,1200,MIDTN CBD,1,prediction,GROSSCON,70,1.0675,0.916623530227164,0.827411238624907,14.32526925820894,1.0494425137086545,-0.04410963522258505,1.0648469644402565,0.38730478547207586,0.3510498790154165,-0.03625490645665935,0.9063917931908092,TRUE,TRUE,TRUE
MIDTOWN EAST,1201,MIDTN EAST,1,prediction,GROSSCON,1111,1.024,0.8195127527123249,0.8324568295216422,16.758997565894912,1.061136535154612,-0.06328875294307493,1.0975069960449269,0.3597860252776397,0.3092750627605854,-0.05051096251705428,0.8596083255927576,TRUE,FALSE,FALSE
MIDTOWN WEST,1202,MIDTN WEST,1,prediction,GROSSCON,185,0.9986,0.8356662434503019,0.7558669441183237,21.126838231800807,1.1148645972190458,-0.10955368587043192,1.2073823175240606,0.3766348235955996,0.28129637759441234,-0.09533844600118724,0.7468676818276526,TRUE,FALSE,FALSE
MORNINGSIDE HEIGHTS,1210,MORNSD HTS,1,prediction,GROSSCON,72,1.0071,0.5919062920555638,0.5164935664041498,18.379762887033703,1.0346656266928207,-0.07995670058412074,1.2217778952234049,0.18417153387492846,0.12148411839315404,-0.06268741548177442,0.6596248390679872,TRUE,FALSE,FALSE
MURRAY HILL,1220,MURRAY HIL,1,prediction,GROSSCON,508,1.0301,0.7383059625421341,0.7170802498419125,15.518119015419577,1.0557871215607024,-0.10570567273647645,1.1509684558682136,0.25270813307756,0.18153856261165438,-0.07116957046590563,0.7183724575889981,TRUE,FALSE,FALSE
SOHO,1230,SOHO,1,prediction,GROSSCON,116,0.9461,0.8311980452175717,0.9033917097681888,23.012468052406074,1.0849579566462588,-0.06003903653801558,1.0793302919811962,0.4409130491682121,0.3994816871693017,-0.0414313619989104,0.9060328060667037,TRUE,FALSE,FALSE
SOUTHBRIDGE,1240,SOUTHBRIDG,1,prediction,GROSSCON,3,,,,,,,,,,,,,,
TRIBECA,1250,TRIBECA,1,prediction,GROSSCON,30,0.9429,0.650397518496276,0.6525950321179033,18.18141196936562,1.0287081696375802,-0.018316177064467462,1.0466237845445923,0.2248482215700193,0.18620716749926725,-0.03864105407075205,0.8281460542541185,TRUE,FALSE,TRUE
UPPER EAST SIDE (59-79),1270,UES 59-79,1,prediction,GROSSCON,1519,1.0312,0.7931335660172011,0.8690492142927244,20.666724129277128,1.107207531929918,-0.036745087968591286,1.0635524569517123,0.49635287161430414,0.4390294414656972,-0.05732343014860691,0.8845107313227139,TRUE,FALSE,TRUE
UPPER EAST SIDE (79-96),1271,UES 79-96,1,prediction,GROSSCON,1439,1.049,0.8431872796989816,0.8699864151688043,20.11207487969691,1.0924063458858269,-0.04231398548203787,1.0637636889460371,0.474288248087857,0.4228868711618675,-0.051401376925989506,0.891624181848866,TRUE,FALSE,TRUE
UPPER EAST SIDE (96-110),1272,UES 96-110,1,prediction,GROSSCON,61,1.1414,0.7712422286388347,0.7977783242017794,22.614760303109595,1.1921670978903744,-0.11339985373548495,1.165434947099757,0.46791398308436816,0.35858200636941295,-0.1093319767149552,0.7663417194881268,FALSE,FALSE,FALSE
UPPER WEST SIDE (59-79),1280,UWS 59-79,1,prediction,GROSSCON,760,1.0211,0.7485968892886319,0.8215798052821688,21.61634146205936,1.1044998409187325,-0.06293498959385452,1.0939775172616442,0.41979483525392697,0.35123279283826964,-0.06856204241565733,0.8366772607524214,TRUE,FALSE,FALSE
UPPER WEST SIDE (79-96),1281,UWS 79-96,1,prediction,GROSSCON,714,1.0257,0.8028584008283133,0.8027765214782588,21.24435398345839,1.09364707761481,-0.07008424110404572,1.11215880698287,0.427021072485287,0.3697601130615028,-0.057260959423784175,0.8659060099996421,TRUE,FALSE,FALSE
UPPER WEST SIDE (96-116),1282,UWS 96-116,1,prediction,GROSSCON,326,1.0296,0.688086805387869,0.7290521023557468,20.210337231557286,1.0889134006216272,-0.11505349468945564,1.1613453384825076,0.3174444183948169,0.2331950559032083,-0.08424936249160861,0.7346012164346053,TRUE,FALSE,FALSE
WASHINGTON HEIGHTS LOWER,1290,WASHTS-LOW,1,prediction,GROSSCON,37,0.9388,0.8084644061581716,0.6743693221334789,16.123314148125324,1.0484897063385137,-0.08995188315179777,1.1413539506341468,0.2704560584754628,0.21492541731511647,-0.05553064116034631,0.7946777695668283,TRUE,FALSE,FALSE
WASHINGTON HEIGHTS UPPER,1291,WASHTS-UPR,1,prediction,GROSSCON,234,1.0395,0.705403679142827,0.7630773552311005,15.674682140404869,1.0503006000324393,-0.10310784621448138,1.1732752745037902,0.24357038886315732,0.17856789218006344,-0.06500249668309388,0.7331264404245231,TRUE,FALSE,FALSE
BAYCHESTER,2020,BAYCHESTER,2,prediction,GROSSCON,11,0.9458,0.3843157809447658,0.23644781144781143,21.18896459617806,1.0836230807371914,-1.004922372236353,3.8093656735781694,0.16548561554501423,0.02549763093555897,-0.13998798460945527,0.15407762693805424,TRUE,FALSE,FALSE
BEDFORD PARK/NORWOOD,2030,BED PK/NOR,2,prediction,GROSSCON,97,1.0278,0.6080777348778199,0.47130577862061973,15.485337390301797,1.036990769768512,-0.21175486651248518,1.2333194425228522,0.1657204116007984,0.10179243788208386,-0.06392797371871453,0.6142420049455963,TRUE,FALSE,FALSE
BRONXDALE,2060,BRONXDALE,2,prediction,GROSSCON,22,0.9536,0.47079521287064496,0.6146528956800604,18.134628866813163,1.0613590227403527,-0.78153715650875355,2.896927310207563,0.1470201755077171,0.04474525183179119,-0.1022749236759259,0.3043476970236817,TRUE,FALSE,FALSE
CITY ISLAND,2080,CITY ISLND,2,prediction,GROSSCON,2,,,,,,,,,,,,,,
COUNTRY CLUB,2100,COUNTRY CL,2,prediction,GROSSCON,8,1.02,0.25970648540406,0.14285714285714282,7.525530883469448,1.0052214026821829,0.03820431179114483,0.9394478632694814,0.05686908000509194,0.030838749528300236,-0.026030330476791708,0.542276216276736,TRUE,TRUE,TRUE
FIELDSTON,2140,FIELDSTON,2,prediction,GROSSCON,26,1.0049,0.7395126739123251,0.5106596086431477,11.59346527593138,1.036443612059136,-0.1992272025748481,1.2980316233875868,0.18344060075115246,0.12095750722437912,-0.06248309352677334,0.6593824198627916,TRUE,TRUE,FALSE
FORDHAM,2150,FORDHAM,2,prediction,GROSSCON,21,0.9129,0.5475475916058998,0.5539794208896563,14.990833389617633,1.0192762587367277,-0.10921756312622989,1.1810472015618658,0.12560575632898566,0.08832948194096549,-0.03727627438802017,0.7032279771447223,TRUE,TRUE,TRUE
HIGHBRIDGE/MORRIS HEIGHTS,2160,HIBG/MORRS,2,prediction,GROSSCON,1,,,,,,,,,,,,,,
KINGSBRIDGE HTS/UNIV HTS,2180,KBG/UNI HT,2,prediction,GROSSCON,55,1.0368,0.719921970896586,0.7232237353531614,11.718722633163937,1.025871092980773,-0.10050333966059692,1.0769321218986163,0.16586331603707344,0.13161349118625584,-0.034249824850817595,0.7935057270701007,TRUE,TRUE,TRUE
KINGSBRIDGE/JEROME PARK,2190,KBG/JER PK,2,prediction,GROSSCON,77,1.0398,0.6443180178720821,0.5259850454995857,16.379834737935717,1.0384334560414936,-0.16406352428806667,1.300410485446536,0.17831211344562564,0.1103883568575499,-0.06792375658807574,0.6190737955176088,TRUE,FALSE,FALSE
MELROSE/CONCOURSE,2200,MEL/CONCRS,2,prediction,GROSSCON,77,1.0724,0.44410782167356644,0.39684409415273647,23.641080529050594,1.0804706470642598,-0.2546522921501628,1.2892609473670529,0.19251717260800108,0.1006680918804978,-0.09184908072750328,0.5229044792044385,TRUE,FALSE,FALSE
MORRIS PARK/VAN NEST,2210,MOR PK/VAN,2,prediction,GROSSCON,18,0.9254,0.5221863901304616,0.3272091157738067,11.17961636729412,1.0083187370894617,0.04816754538671626,1.07042311931668,0.11281010374379798,0.07746773317812898,-0.035342370565668996,0.6867091741539859,TRUE,TRUE,TRUE
PARKCHESTER,2250,PARKCHESTR,2,prediction,GROSSCON,8,1.198,0.8706579102055615,0.5874928284566839,9.325331787144604,0.9943381652544744,0.11911058279317766,0.8852570529416296,0.1335551330798479,0.1341851581386415,6.300250587936151e-4,1.0047173406537429,FALSE,TRUE,TRUE
PELHAM PARKWAY NORTH,2280,PEL PKWY N,2,prediction,GROSSCON,6,,,,,,,,,,,,,,
PELHAM PARKWAY SOUTH,2290,PEL PKWY S,2,prediction,GROSSCON,67,1.0072,0.5169680760985925,0.39134433636111793,15.937216635313826,1.0500902413172268,-0.3493859925621062,1.3861891815135077,0.16654429484016708,0.0795346244588094,-0.08700967038135768,0.4775583849037816,TRUE,FALSE,FALSE
RIVERDALE,2300,RIVERDALE,2,prediction,GROSSCON,792,0.9982,0.7313836378407725,0.77825654184746,16.436194321899862,1.05720840826335,-0.12540967391548505,1.1681245423403568,0.2606112105154288,0.20123054039433813,-0.05938067012109066,0.7721484428714736,TRUE,FALSE,FALSE
SCHUYLERVILLE/PELHAM BAY,2310,SCHUY/PELM,2,prediction,GROSSCON,36,1.0076,0.524201168288944,0.4371746733672811,21.95817822729791,1.073757726673268,-0.4157154462572085,1.776243264081003,0.18428268230362932,0.081405770836364,-0.10287691146726533,0.44174400881704967,TRUE,FALSE,FALSE
VAN CORTLANDT PARK,2340,VN CORT PK,2,prediction,GROSSCON,12,0.8976,0.7744188667454003,0.8615507299717826,10.565397752274468,1.0170124331510677,-0.08306640891231598,1.0718197921883585,0.16708343152400648,0.14057793165529064,-0.026505499868715837,0.8413636850347574,FALSE,TRUE,TRUE
WESTCHESTER,2360,WESTCHESTR,2,prediction,GROSSCON,6,,,,,,,,,,,,,,
WILLIAMSBRIDGE,2370,WLMSBRIDGE,2,prediction,GROSSCON,6,,,,,,,,,,,,,,
WOODLAWN,2380,WOODLAWN,2,prediction,GROSSCON,42,0.9812,0.38982541645868396,0.4701232593161305,18.240258921859443,1.0494491296739892,-0.40969014574327595,1.4487829014660327,0.1552962169693806,0.06275202713415798,-0.09254418983522261,0.4040795607180222,TRUE,FALSE,FALSE
BATH BEACH,3010,BATH BEACH,3,prediction,GROSSCON,41,1.0044,0.48297167357959286,0.2606041978396043,12.02371158197291,1.0328196247459873,-0.3980851057548653,1.390113331068842,0.13104050003004075,0.05754911162096598,-0.07349138840907476,0.43917042141759965,TRUE,TRUE,FALSE
BAY RIDGE,3020,BAY RIDGE,3,prediction,GROSSCON,392,0.9984,0.7012500363690777,0.6709301644296843,13.880327351789992,1.0358859131483555,-0.14399187864950125,1.220537202859966,0.19341931002839963,0.13584167548496823,-0.0575776345434314,0.7023170306264803,TRUE,TRUE,FALSE
BENSONHURST,3040,BENSONHRST,3,prediction,GROSSCON,15,1.0283,0.3261179152970753,0.21889030612244892,16.34871040323009,1.0376749921699435,-0.39063986525355404,1.5162774716798262,0.13906131967024676,0.05899263486732783,-0.08006868480291893,0.4242203008515657,TRUE,FALSE,FALSE
BOERUM HILL,3060,BOERUM HIL,3,prediction,GROSSCON,24,0.942,0.7476343419741021,0.6657368207070022,19.992494281669146,1.0316488179002097,-0.026976806747889825,0.9098075822389811,0.22093388172767625,0.18510370143332233,-0.03583018029435392,0.8378239679031291,TRUE,FALSE,TRUE
BOROUGH PARK,3070,BOROUGH PK,3,prediction,GROSSCON,28,0.9128,0.7022537269340213,0.7477608332363607,17.213262568037514,1.0124338307324883,-0.008623846034595432,1.0072309675839595,0.16711470750626795,0.15712463912377547,-0.009990068382492473,0.940220292207867,TRUE,FALSE,TRUE
BRIGHTON BEACH,3080,BRIGHTON,3,prediction,GROSSCON,134,0.9937,0.7277908725426491,0.7273725109406397,14.514630358276614,1.0423231376501136,-0.14087198295252923,1.1623832781184684,0.21465980011908892,0.1542003791206292,-0.06045942099845972,0.7183477252614693,TRUE,TRUE,FALSE
BROOKLYN HEIGHTS,3090,BKLYN HTS,3,prediction,GROSSCON,285,0.9715,0.7467651442758524,0.7377237448774027,23.017946472059876,1.0864789751107216,-0.09992643241064175,1.087522193603952,0.3344813291688165,0.2645176569252178,-0.06996367224359873,0.790829364325184,TRUE,FALSE,FALSE
CARROLL GARDENS,3140,CARLL GRDN,3,prediction,GROSSCON,29,0.9717,0.5851461891496935,0.740375580871796,18.723930368383414,1.0526092329567749,-0.09623417274924284,1.115732988313627,0.23048343253156978,0.16693488876945176,-0.06354854376211802,0.7242815109783926,TRUE,FALSE,FALSE
CLINTON HILL,3150,CLINTON HL,3,prediction,GROSSCON,210,0.9851,0.7588140748785751,0.709353772636894,13.190598502091087,1.0317931114619423,-0.11473544294584118,1.0875054501972248,0.18276248478622853,0.14677222707979679,-0.035990257706431744,0.8030763384043044,TRUE,TRUE,FALSE
COBBLE HILL,3160,COBBLE HL,3,prediction,GROSSCON,24,0.9275,0.7404824439660774,0.7317149233125935,27.22929706962851,1.0604049128472086,-0.01430319892790366,0.9217198314763713,0.30032213482917697,0.2518550352016777,-0.04846709962749929,0.838616292285391,TRUE,FALSE,TRUE
CONEY ISLAND,3170,CONEY ISL,3,prediction,GROSSCON,89,1.0317,0.8326424104487251,0.7821140924815599,6.009111272596341,1.0109554178066626,-0.15227513338713075,1.2189653005665984,0.1155085850105433,0.08492769836279439,-0.03058088664774891,0.7352500972550432,TRUE,TRUE,TRUE
CROWN HEIGHTS,3180,CROWN HTS,3,prediction,GROSSCON,30,1.0302,0.5504998572619068,0.5610808227468101,30.094068488836772,1.113168059559244,-0.3758130716160299,1.5624134477714862,0.23785146826859058,0.14062031376948217,-0.09723115449910841,0.5912106189342021,TRUE,FALSE,FALSE
CYPRESS HILLS,3190,CYPRSS HLS,3,prediction,GROSSCON,1,,,,,,,,,,,,,,
DOWNTOWN-FULTON MALL,3200,DTN-MALL,3,prediction,GROSSCON,43,1.0376,0.47314157700436604,0.7070876926696835,18.014906052435347,1.0580085239138932,-0.33003165019369823,1.728060502657318,0.19157609476506574,0.09892344093019555,-0.09265265383487019,0.5163663089150433,TRUE,FALSE,FALSE
DOWNTOWN-METROTECH,3201,DTN-TECH,3,prediction,GROSSCON,75,1.0618,0.7474425581226186,0.719468983119805,12.31960101166899,1.0366847495477032,-0.10356855666503349,1.146701686043765,0.2283569030577043,0.17655971877010226,-0.05179718428760205,0.77317443180374,TRUE,TRUE,FALSE
DOWNTOWN-FULTON FERRY,3202,DTN-FERRY,3,prediction,GROSSCON,5,,,,,,,,,,,,,,
DYKER HEIGHTS,3210,DYKER HTS,3,prediction,GROSSCON,1,,,,,,,,,,,,,,
FLATBUSH-CENTRAL,3230,FLATB-CTRL,3,prediction,GROSSCON,168,0.9617,0.726464003701893,0.6941940016679062,16.810482532460515,1.0378955376672996,-0.1489402488823833,1.2083575023401478,0.19586428397623631,0.15136044307240853,-0.04450384090382778,0.7727822551393427,TRUE,FALSE,FALSE
FLATBUSH-EAST,3231,FLATB-EAST,3,prediction,GROSSCON,89,1.0348,0.7611506893228078,0.592525496693626,13.284245819443704,1.0243025622737594,-0.06464659612725777,1.0577570315175049,0.1923668968783922,0.1497702853521484,-0.042596611526243805,0.7785657916332043,TRUE,TRUE,TRUE
FLATBUSH-LEFFERTS GARDEN,3232,FLATB-LEGA,3,prediction,GROSSCON,32,1.0184,0.8273093960689897,0.47856765568990606,22.702534399259815,1.0743459493250298,-0.1520367452647337,1.247120548520116,0.29426570947440145,0.22795546377003006,-0.06631024570437138,0.7746586042158616,TRUE,FALSE,FALSE
FLATBUSH-NORTH,3233,FLATB-NRTH,3,prediction,GROSSCON,22,1.3774,0.6618826151927832,0.5046258060189134,19.091714597107465,1.066279046714959,-0.2850219384946009,1.3546979080123154,0.21119570085087327,0.12498080408946001,-0.08621489676141326,0.5917772169884736,FALSE,FALSE,FALSE
FLATLANDS,3240,FLATLANDS,3,prediction,GROSSCON,42,1.0566,0.8552528541926522,0.8025648686333046,6.482403892891164,1.002046032233833,0.008201937461707656,0.9778514653078034,0.12135882858944161,0.11865393302350924,-0.0027048955659323692,0.9777115880453736,TRUE,TRUE,TRUE
FORT GREENE,3250,FT GREENE,3,prediction,GROSSCON,91,1.0036,0.6925552581271673,0.7165077548120896,12.268950983323473,1.0446280211733605,-0.12438404997531093,1.146688711392401,0.22262768307474723,0.15769524687772046,-0.06493243619702677,0.7083361992532361,TRUE,TRUE,FALSE
GOWANUS,3270,GOWANUS,3,prediction,GROSSCON,3,,,,,,,,,,,,,,
GRAVESEND,3280,GRAVESEND,3,prediction,GROSSCON,44,1.0126,0.6678568311351273,0.6298995916836733,9.211429369412812,1.012344222830031,-0.10493921602437674,1.0760385703824058,0.11465103940863228,0.0826037755656794,-0.03204726384295288,0.7204799537077726,TRUE,TRUE,TRUE
GREENPOINT,3290,GREENPOINT,3,prediction,GROSSCON,9,1.0319,0.7436324684261282,0.686344537815126,21.681511914044695,1.1062808480876931,-0.49721032631359663,1.3145150115655106,0.20271423646280992,0.12962174076140323,-0.07309249570140669,0.6394308708810578,TRUE,FALSE,FALSE
KENSINGTON,3320,KENSINGTON,3,prediction,GROSSCON,74,1.0236,0.7234685096177416,0.7357715387749012,19.189798477305413,1.0706029633019958,-0.26347641485209106,1.2765702527896068,0.22861173099889934,0.1659765933747504,-0.06263513762414893,0.7260195819765238,TRUE,FALSE,FALSE
MADISON,3330,MADISON,3,prediction,GROSSCON,99,0.9388,0.6251615725102964,0.5803851097419784,17.188263385281196,1.0513219587280869,-0.32706773185767535,1.5414283182662893,0.18294502172476573,0.09704619432953032,-0.08589882739523541,0.5304664396691421,TRUE,FALSE,FALSE
MANHATTAN BEACH,3340,MANHTN BCH,3,prediction,GROSSCON,4,,,,,,,,,,,,,,
MARINE PARK,3350,MARINE PRK,3,prediction,GROSSCON,54,1.0416,0.6838384380526713,0.6318873383888701,8.698569376763366,1.0133898844129106,-0.25526238139291113,1.4047942254165964,0.10046345764023548,0.06046041451086895,-0.04000304312936653,0.60181498756872,TRUE,TRUE,TRUE
MIDWOOD,3360,MIDWOOD,3,prediction,GROSSCON,118,1.0156,0.7017487486407759,0.684594812196986,18.161225551445302,1.0453920350162136,-0.12915385685922592,1.1898777068303865,0.2198540268775704,0.16111370026323094,-0.05874032661433948,0.7328212384890723,TRUE,FALSE,FALSE
OCEAN PARKWAY-NORTH,3400,OCEAN PY-N,3,prediction,GROSSCON,240,1.0019,0.7344180404729204,0.6824397280202315,16.867149858576752,1.0463880778311838,-0.15477221805830466,1.2302497265796046,0.2161631885902435,0.15173704331783663,-0.06442614527240687,0.7019559819940835,TRUE,FALSE,FALSE
OCEAN PARKWAY-SOUTH,3401,OCEAN PY-S,3,prediction,GROSSCON,95,1.0296,0.5117515623442043,0.6267456194461889,12.296678430903556,1.0296569027686362,-0.1889516537839902,1.2714362159256696,0.15497042068951877,0.09867045587380971,-0.056299964815709064,0.6367050914283486,TRUE,TRUE,TRUE
OLD MILL BASIN,3410,OLD ML BSN,3,prediction,GROSSCON,23,0.9443,0.48226205614091916,0.12822517109729695,10.559082720825963,1.0194751417735817,-0.4914499540521502,1.5804787855314224,0.09765527950310564,0.035090893929273614,-0.06256438557383202,0.3593343248601081,TRUE,TRUE,TRUE
PARK SLOPE,3420,PARK SLOPE,3,prediction,GROSSCON,400,0.9791,0.72400550703652,0.770278972728737,18.674731973788354,1.047559119902922,-0.08444774894647288,1.0991593786345943,0.2589840038356375,0.21725624364928137,-0.041727760186356155,0.8388790057750501,TRUE,FALSE,FALSE
PARK SLOPE SOUTH,3430,PK SLOPE S,3,prediction,GROSSCON,16,1.0973,0.8303692915950388,0.8445582930802251,10.429902037508453,1.0155173031413323,-0.02374871153392044,1.0508960036384218,0.212618884888087,0.19118910665249378,-0.021429778235593222,0.8992103723670977,TRUE,TRUE,TRUE
PROSPECT HEIGHTS,3440,PRSPCT HTS,3,prediction,GROSSCON,155,0.995,0.8148659900772385,0.8488861200401098,16.092111559033036,1.0404048797909125,-0.09221712601229526,1.1535622017155,0.27337076108023534,0.23700519009727625,-0.03636557098295909,0.8669734435414413,TRUE,FALSE,FALSE
SHEEPSHEAD BAY,3480,SHEEPSHEAD,3,prediction,GROSSCON,242,1.0182,0.5074999499240238,0.537203974856122,12.943145235047677,1.0312132927149968,-0.2810164157071375,1.4475592880985642,0.1419669678559783,0.07409409211580832,-0.06787287574016997,0.521910788367156,TRUE,TRUE,FALSE
SUNSET PARK,3500,SUNSET PRK,3,prediction,GROSSCON,52,0.9675,0.37995455920445725,0.4321663246880749,17.663189652568146,1.0584466015916238,-0.4841210968165101,1.3345044768404437,0.14124221677899293,0.06779315655974731,-0.07344906021924562,0.4799779988289609,TRUE,FALSE,FALSE
WILLIAMSBURG-NORTH,3512,WBG-NORTH,3,prediction,GROSSCON,4,,,,,,,,,,,,,,
WILLIAMSBURG-SOUTH,3513,WBG-SOUTH,3,prediction,GROSSCON,11,1.1019,0.5667699852087267,0.04036697247706422,9.652028667246594,1.0001699382072646,0.2943985778554906,0.6515294472048424,0.05581471852769033,0.03348800166006314,-0.02232671686762719,0.5999851391071578,FALSE,TRUE,TRUE
WINDSOR TERRACE,3520,WINDSOR TR,3,prediction,GROSSCON,76,0.9979,0.5295262490098714,0.5838848792521694,14.389026990671224,1.0316775139373031,-0.09832608927492562,1.1590492563258197,0.16691905172431976,0.10981335105880644,-0.05710570066551332,0.6578838660081296,TRUE,TRUE,FALSE
ASTORIA,4040,ASTORIA,4,prediction,GROSSCON,127,0.9834,0.5724599575672155,0.501420941503937,13.57640768083484,1.0231704243485562,-0.1706364398775737,1.2815285249739685,0.13274756124809683,0.0768106902086671,-0.055936871039429736,0.5786222322014094,TRUE,TRUE,TRUE
BAYSIDE,4050,BAYSIDE,4,prediction,GROSSCON,337,1.0051,0.6765100195200807,0.7026449810554883,13.032848369330752,1.0316804984104282,-0.18151200515250385,1.2965527711304945,0.17040089602440955,0.11490425361053586,-0.0554966424138737,0.6743171913490178,TRUE,TRUE,FALSE
BEECHHURST,4060,BEECHHURST,4,prediction,GROSSCON,153,1.0179,0.819972733707611,0.701546821344091,7.455727269267588,1.0098779833296048,-0.08322751531978564,1.146588257917927,0.12457424313433084,0.09890161333076078,-0.02567262980357006,0.7939170316621008,TRUE,TRUE,TRUE
BELLE HARBOR,4070,BELLE HRBR,4,prediction,GROSSCON,12,0.9833,0.7020998199593175,0.5261617814809303,10.76810238324057,1.0274735081221968,-0.298260209966606,1.543411460553541,0.13941053729786126,0.07641707045177304,-0.06299346684608823,0.5481441498823157,TRUE,TRUE,TRUE
BRIARWOOD,4100,BRIARWOOD,4,prediction,GROSSCON,122,1.0044,0.6417759866021993,0.6088790150156896,13.312024549635169,1.0309673209863308,-0.24612771252911977,1.3768680924870678,0.15140350297766422,0.08991585038514915,-0.06148765259251507,0.5938822326879317,TRUE,TRUE,FALSE
CORONA,4140,CORONA,4,prediction,GROSSCON,104,1.0445,0.5979236102536533,0.3799828163498835,14.36354048769785,1.0306808980547069,-0.17177981877183265,1.24534972958327,0.16345066505560363,0.10393894163801566,-0.05951172341758797,0.6359040607308455,TRUE,TRUE,FALSE
DOUGLASTON,4150,DOUGLASTON,4,prediction,GROSSCON,44,1.001,0.5801229200077378,0.5887833647540764,15.715358406465565,1.051778654335319,-0.18635206053834577,1.3034988940745267,0.19342143781221371,0.11041122586287147,-0.08301021194934224,0.5708324119173697,TRUE,FALSE,FALSE
EAST ELMHURST,4160,E ELMHURST,4,prediction,GROSSCON,5,,,,,,,,,,,,,,
ELMHURST,4170,ELMHURST,4,prediction,GROSSCON,187,0.9982,0.5789276666643642,0.5397637097103936,13.257640387510836,1.028163207330461,-0.16038988252277067,1.2033379984477652,0.14970391584754295,0.09464055264775419,-0.05506336319978876,0.6321848838218449,TRUE,TRUE,TRUE
FAR ROCKAWAY,4180,FAR ROCKWY,4,prediction,GROSSCON,8,1.0582,0.8774027341744828,0.5447845804988665,13.227144086202644,1.0404836810434732,-0.09345577150968702,1.1065584267924988,0.2568885910038725,0.20995119282804398,-0.04693739817582854,0.8172850028395345,TRUE,TRUE,FALSE
FLORAL PARK,4190,FLORAL PK,4,prediction,GROSSCON,31,0.98740000000000006,0.46468675881732885,0.4984839139285431,12.21677738740085,1.0281575674196313,-0.6629417277605769,1.8057126651944873,0.10569942093980127,0.036858018036245575,-0.0688414029035557,0.3487059598674361,TRUE,TRUE,TRUE
FLUSHING-NORTH,4210,FLUSHING-N,4,prediction,GROSSCON,614,0.9902,0.6863569139109701,0.6646169732276141,9.989520750124733,1.017633429321629,-0.15709261184204681,1.2327482819077569,0.13049638041981626,0.08947186991057504,-0.04102451050924122,0.6856272152739991,TRUE,TRUE,TRUE
FLUSHING-SOUTH,4211,FLUSHING-S,4,prediction,GROSSCON,143,0.9667,0.4197228404422202,0.44014556640292146,14.290355444792782,1.0289415968765263,-0.30943502407608264,1.568645159611195,0.12859392159182703,0.05970187599061782,-0.0688920456012092,0.46426670290154876,TRUE,TRUE,TRUE
FOREST HILLS,4220,FOREST HLS,4,prediction,GROSSCON,753,0.9906,0.8114528681993644,0.761688427166737,13.634788182988192,1.0332781540045504,-0.08179433713695404,1.135017127376729,0.22904306691315035,0.18434639993017693,-0.04469666698297342,0.804854748125069,TRUE,TRUE,FALSE
FRESH MEADOWS,4230,FRESH MDWS,4,prediction,GROSSCON,12,1.0035,0.7172424434152319,0.514191690662279,6.284506690213338,1.001623523232095,0.036835721994358916,0.9697818232856469,0.0739461565710237,0.06912952066698692,-0.004816635904036776,0.9348629309839721,TRUE,TRUE,TRUE
GLEN OAKS,4240,GLEN OAKS,4,prediction,GROSSCON,231,0.989,0.8295082984782287,0.8297191867887254,13.758045195939554,1.0311694827489337,-0.054032254632704814,1.1006569680054132,0.26153217184031197,0.22391797350589465,-0.037614198334417315,0.8561775476044147,TRUE,TRUE,FALSE
GLENDALE,4250,GLENDALE,4,prediction,GROSSCON,62,1.0179,0.7823790887588277,0.6198893930354279,10.916094656839604,1.0184737999832607,-0.0995067458332953,1.1140498959418272,0.16207530751074567,0.1250353335575707,-0.03703997395317496,0.7714644227917371,TRUE,TRUE,TRUE
HILLCREST,4270,HILLCREST,4,prediction,GROSSCON,28,1.0349,0.45925224014764615,0.55451921022918,8.151666199502854,1.0127254402398331,-0.1679632894850284,1.164538944995535,0.09934542329024611,0.06210803834213215,-0.037237384948113954,0.6251726177730225,TRUE,TRUE,TRUE
HOLLIS,4280,HOLLIS,4,prediction,GROSSCON,6,,,,,,,,,,,,,,
HOLLIS HILLS,4290,HOLLIS HLS,4,prediction,GROSSCON,23,0.9712,0.656600049440944,0.4572877467109689,10.53816669178122,1.0114216417996469,-0.022585060463780258,1.0518386756336304,0.12517436617409225,0.08907569459456456,-0.03609867157952769,0.7116129069962956,TRUE,TRUE,TRUE
HOLLISWOOD,4300,HOLLISWOOD,4,prediction,GROSSCON,60,0.9908,0.7839295144360832,0.7754786140219323,4.944494880125265,1.0037485788944296,-0.050772466557634066,1.0710034370867128,0.08445916114790299,0.06989378359560969,-0.014565377552293299,0.8275453206693975,TRUE,FALSE,TRUE
HOWARD BEACH,4310,HOWARD BCH,4,prediction,GROSSCON,153,1.0081,0.6890635466651587,0.5995256580157328,10.557180396088727,1.0169725674479244,-0.11704982566956458,1.1936215806582864,0.13510476616877823,0.09350279788302512,-0.041601968285753105,0.6920762348695954,TRUE,TRUE,TRUE
JACKSON HEIGHTS,4320,JACKSON HT,4,prediction,GROSSCON,623,0.9832,0.8236444402450319,0.6915025339728027,15.231454685355569,1.043126895054234,-0.09158772167317213,1.1396800840851156,0.2450470367844199,0.18869661076665903,-0.056350426017760885,0.7700424099911268,TRUE,FALSE,FALSE
JAMAICA,4330,JAMAICA,4,prediction,GROSSCON,115,1.0673,0.8183306240443374,0.7454481900544644,13.488216501941281,1.0384790320728805,-0.17128441451160617,1.3017596004829355,0.20010368452815575,0.1380311828730313,-0.06207250165512446,0.6897983073050786,TRUE,TRUE,FALSE
JAMAICA ESTATES,4350,JAMAICA ES,4,prediction,GROSSCON,17,1.0332,0.7446620871585182,0.6985354190695888,12.432845698440262,1.0063191595833116,0.05092109585636662,0.9950085259495299,0.14488104784816885,0.1303001412254821,-0.01458090662268674,0.8993594618533743,TRUE,TRUE,TRUE
JAMAICA HILLS,4360,JAMAICA HL,4,prediction,GROSSCON,18,0.8938,0.7547388210851916,0.6945898278593758,13.281551437837798,1.011682185539581,0.00903899735327848,1.0091657957646083,0.16899915182357933,0.14789495266536296,-0.021104199158216375,0.875122455169199,FALSE,TRUE,TRUE
KEW GARDENS,4370,KEW GARDEN,4,prediction,GROSSCON,210,0.9905,0.6960634102202249,0.5835790864843594,13.303556314790765,1.026451175674317,-0.13573150136591347,1.1781427772905118,0.16667820162852656,0.1137845689981287,-0.05289363263039787,0.6826601672348183,TRUE,TRUE,TRUE
LAURELTON,4380,LAURELTON,4,prediction,GROSSCON,1,,,,,,,,,,,,,,
LITTLE NECK,4390,LITTLE NCK,4,prediction,GROSSCON,143,0.9739,0.7440664919081743,0.7039476092414582,11.222083270374574,1.0183283643727292,-0.13638689913568522,1.228972944865801,0.14516682783811452,0.10860507090270463,-0.03656175693540989,0.7481397266861655,TRUE,TRUE,TRUE
LONG ISLAND CITY,4400,L I CITY,4,prediction,GROSSCON,8,1.0173,0.9414206333461618,0.4182444061962136,4.7138799985028585,1.0059944509472467,-0.11872508677529103,1.27952635011723,0.09264435595037535,0.06617276707706998,-0.026471588873305363,0.714266577799032,TRUE,FALSE,TRUE
MASPETH,4410,MASPETH,4,prediction,GROSSCON,16,0.9734,0.731100287292785,0.7024840160298571,7.768014848812527,1.0090481882125568,-0.09584738936037925,1.1421909001846122,0.10435896252538313,0.08188224741292172,-0.02247671511246141,0.7846211329765336,TRUE,TRUE,TRUE
MIDDLE VILLAGE,4420,MIDDLE VIL,4,prediction,GROSSCON,8,1.0174,0.8329338850180457,0.9410499139414804,5.252476066600471,1.00837946321442,-0.0829838629763195,1.1430901119028318,0.11062525130679535,0.10747979150771325,-0.0031454597990820954,0.9715665296853533,TRUE,TRUE,TRUE
OAKLAND GARDENS,4440,OAKLND GDN,4,prediction,GROSSCON,376,1.0032,0.783662676537687,0.7059772876094306,6.994291467569195,1.0101676400488788,-0.11549712101014788,1.1088664121034972,0.11312663794891045,0.08726800426852396,-0.02585863368038649,0.7714187025334863,TRUE,TRUE,TRUE
QUEENS VILLAGE,4460,QUEENS VIL,4,prediction,GROSSCON,55,1.0579,0.417292680506856,0.5544532811962917,10.540450183661033,1.0145364438969755,-0.13829178368190376,1.5451974720980592,0.09971169205118907,0.04373884808973659,-0.05597284396145248,0.43865315280461137,TRUE,TRUE,TRUE
REGO PARK,4470,REGO PARK,4,prediction,GROSSCON,423,1.0154,0.7431930410554374,0.6773420172148401,11.719497669735366,1.0239785393474756,-0.11223197751595632,1.1991329384076665,0.17091105349208094,0.1257128602528426,-0.04519819323923835,0.7355455231493697,TRUE,TRUE,TRUE
RICHMOND HILL,4480,RICHMND HL,4,prediction,GROSSCON,9,1.0218,0.6973015544664154,0.06569098227526306,9.70430582601079,1.0120080235061106,-0.11712788163207503,1.0736321003107916,0.10316361585397121,0.05925266609609695,-0.04391094975787426,0.5743562360199694,TRUE,TRUE,TRUE
ROCKAWAY PARK,4500,ROCKAWY PK,4,prediction,GROSSCON,31,0.9686,0.7150568617047569,0.5057973994188664,14.292076854863561,1.0401355638397782,-0.2816290581081446,1.4915759118812102,0.1590155848073608,0.08962237499059046,-0.06939320981677034,0.563607492304376,TRUE,TRUE,FALSE
SUNNYSIDE,4560,SUNNYSIDE,4,prediction,GROSSCON,146,1.0068,0.656037567713436,0.6539685989430376,11.050738440869209,1.0221571782904175,-0.1267971573192562,1.2009857580962797,0.14976769566553388,0.10755714995159525,-0.04221054571393863,0.718159877359637,TRUE,TRUE,TRUE
WHITESTONE,4570,WHITESTONE,4,prediction,GROSSCON,6,,,,,,,,,,,,,,
WOODSIDE,4590,WOODSIDE,4,prediction,GROSSCON,198,1.0195,0.7208858586472584,0.6983787066572541,12.941468298953279,1.0364824592561008,-0.1708622353360437,1.1672367901464986,0.18637624172203707,0.1314442180335091,-0.05493202368852795,0.7052627353090745,TRUE,TRUE,FALSE
ARROCHAR-SHORE ACRES,5031,ARROC-SHOR,5,prediction,GROSSCON,10,0.9719,0.4416735948323407,0.349841978062837,14.922801941933933,1.0162663631980513,0.06273046136480653,1.0565524285464558,0.11913805697589482,0.06903620360014173,-0.05010185337575308,0.5794639039153527,TRUE,TRUE,TRUE
CLOVE LAKES,5070,CLOVE LAKE,5,prediction,GROSSCON,27,1.0366,0.8403903570450777,0.8033330222661863,11.45027227220656,1.0248653622569646,-0.11736770573009765,1.1069617068494673,0.18317891017232338,0.14758691274355296,-0.03559199742877042,0.8056981701917122,TRUE,TRUE,TRUE
GRANT CITY,5130,GRANT CITY,5,prediction,GROSSCON,11,1.0315,0.8122364870182722,0.47105592379614586,7.6709849298766715,0.9993540114850444,0.09807618810905688,0.9308934934817356,0.0946838628499528,0.09234640121105885,-0.0023374616388939506,0.9753129882058343,TRUE,TRUE,TRUE
GREAT KILLS,5150,GREAT KILL,5,prediction,GROSSCON,12,1.0057,0.651360829192126,0.1984921244717634,6.613349393462389,1.0069350231767087,-0.11711653142773289,1.0477894158483623,0.08082917949035522,0.051636562266471696,-0.02919261722388352,0.6388356604885879,TRUE,TRUE,TRUE
GREAT KILLS-BAY TERRACE,5151,GRT K-BTER,5,prediction,GROSSCON,14,0.957,0.7764965857372489,0.5452528653853649,6.847683487561327,1.0113153795179979,-0.18824167083468224,1.1891453649958315,0.10661303576834921,0.074407255724643,-0.03220578004370621,0.6979189288476549,TRUE,TRUE,TRUE
GRYMES HILL,5160,GRYMES HIL,5,prediction,GROSSCON,12,1.0205,0.6837840833916722,0.45117797331819476,7.018471074197656,1.0096264795030754,-0.346903775493448,1.6770472730535793,0.0798673004555357,0.039600324138537125,-0.04026697631699857,0.4958265011171087,TRUE,TRUE,TRUE
LIVINGSTON,5190,LIVINGSTON,5,prediction,GROSSCON,7,,,,,,,,,,,,,,
NEW BRIGHTON,5230,NEW BRIGHT,5,prediction,GROSSCON,22,1.0238,0.7094641963358602,0.6905986061279608,12.10218992885872,1.021345340630349,-0.2364260474073215,1.3831590765331574,0.12907150988546334,0.09334569892751658,-0.03572581095794676,0.7232091652941113,TRUE,TRUE,TRUE
NEW BRIGHTON-ST. GEORGE,5231,NEWBR-ST.G,5,prediction,GROSSCON,34,0.9887,0.8759719615221552,0.8812995048984348,9.942261398608823,1.0202783608887454,-0.044448330672027234,1.1092796679284622,0.2178031361310443,0.18917075153120316,-0.028632384599841132,0.8685400719730039,TRUE,TRUE,TRUE
ROSEBANK,5320,ROSEBANK,5,prediction,GROSSCON,20,1.0303,0.851287008135648,0.5176991371507162,8.123637168767658,1.0190101641795413,-0.225452125821663,1.4728916030167107,0.13432760925057252,0.09472421907522595,-0.03960339017534657,0.7051731181973837,TRUE,TRUE,TRUE
WEST NEW BRIGHTON,5420,W NEW BRIG,5,prediction,GROSSCON,3,,,,,,,,,,,,,,
